BTC · Hawkes · in-sample MCPT|1.1325010846776218
1.0633442058790024
1.0585671265578542
1.0172181601421153
1.0463829296634553
1.0637243813698558
1.0694727988843378
1.020124806152884
1.04279689577902
1.065750490663414
0.9779140236524548
1.0330738495276373
1.041729846016477
1.0253123104023696
1.059295206613151
1.0641798505091984
1.0124400772276758
1.0345118039125498
1.035355191076122
1.0273445098480716
1.021344120419697
1.025680537309366
1.0276164535445815
1.0519433158055906
1.046277999117202
1.0305053634328931
1.0327245809130878
1.0349811058294425
1.0044585632625758
1.0160617956337523
1.020924504708878
1.030257109977327
1.009228291053707
1.0228606633132278
1.07195297464856
1.097531221680215
1.010155204156446
1.037299507944646
1.0928273180756245
1.0419144233341475
1.020568958551426
1.0225617658170356
1.0485307691144148
1.0225588655851725
1.0203884013744209
1.0243351363428197
1.0553235092222597
0.9834222538684352
1.0086650177138607
1.0674694961916678
1.0180923832268929
1.033849125790239
1.033110700464042
1.0915935066853808
1.0386236953778798
1.0270784196440377
1.0563535722755517
1.0247790146397813
0.9980111410761168
1.0453917497412486
1.0667455978270983
1.0328971711938977
0.998796613521652
1.0774462131934677
1.0474227300896524
1.046632842482191
1.0307635473893733
1.0292058368995245
1.0353694701111449
1.0581711799893083
1.0773146871692434
1.0504903397925889
1.0531995704567323
1.0512061835915845
1.024251405326529
1.0060254837777438
1.0370097299239152
1.027033912834865
1.074669059438396
1.0271299821851838
1.026681451561105
1.030857359333128
1.0517865046221957
1.0131677543947517
0.9989769542125146
1.0559799974838942
1.02938887696589
1.032780784208252
1.0446874704616242
1.0392366813442098
0.9931947660880888
1.0347277752856128
0.9930694179910776
1.0124212746246335
1.0186470112219883
1.003280206493395
1.0081304519892222
1.0702360693719908
1.0264892354599624
1.0858931577968294
1.0131367254291288
1.0403934105155792
1.032875534718288
1.0323429334600098
1.005651816318989
1.0177037321080251
1.0821139654101255
1.0102214067911537
1.020476488644686
1.0212591959554247
1.0083424864658537
1.0475331455119097
1.0119250644496245
0.9895053595566812
1.034442909576302
1.0273641359554782
0.9965162877130816
1.0414829456015011
1.0498545273158126
1.0080951337046502
1.056314319740954
1.0123662402378757
1.0156367830994666
0.9869837761482756
1.007069699899935
1.0308734616318147
1.0608819486434709
1.043090293835637
1.050277199038197
1.0214167531506804
1.02605059211642
1.0409142473673465
1.0407526969749188
1.049490058693376
1.0116673414594748
1.0232198558078296
1.0746277442671608
1.026611648155972
1.0187940348040958
1.0426407382733394
1.0696088607526244
1.0537739649787106
1.0240063939887305
1.007276410842386
1.0395118799733558
0.9858881404166806
1.0372949911803977
1.0537163665980969
1.026893324775889
1.021020620508017
1.027204916498108
1.0160817989359396
1.028636851224069
1.0971968544521655
1.0251282606416676
1.057321500390106
1.029592271349271
1.0526748981129772
1.0005694471887077
1.025939376191962
1.0152151356699026
1.023679854107522
1.0100435115232032
1.0519627573596344
1.0434608939245211
1.0232734738302385
1.0333635087298143
1.049916759071948
1.0357283679281533
1.0485433320682245
1.0458577611575868
1.0027788957551382
1.0490314235401936
1.0349118082497883
1.0506727627377066
1.0129863445448215
1.046479563915261
1.0782936555679383
1.0298701439446978
1.036773075976457
1.0250000857874166
1.037258241898149
1.0097918059075028
1.0457253572636425
1.0475216684404838
1.0422014275524576
1.055413740747939
1.0626053809812246
1.024802287362922
1.0309428760899768
1.006820084679105
1.0395838146379852
1.0428853295177252
1.049016496675946
1.0451034582193055
1.0109083721067924
1.0469559382561375
1.0047951326369584
1.0029062409248013
1.044780744183635
1.014677948268526
1.0471131250666064
1.0574157854629018
1.0054587538688948
1.079071704024882
1.0219482376754965
1.0436241983123842
1.0549516873111735
1.0225567728927467
1.0777696703912938
1.0299468921675148
1.0531751203473094
1.0567604237068629
0.998643392081546
1.0596253137658584
1.0269050766042247
1.0219254167555247
1.0445544160555578
1.0542107010715351
1.0394937659897143
1.0062238973128026
1.0354810911585448
1.001942979865195
0.998454305131162
1.072857873744221
1.029083521435193
1.0243191866735604
1.0700911069422192
1.0133529432520063
1.0255481307419232
1.0206779875657357
1.024614036081648
1.0177701200530114
1.0961704144724704
1.0474381953291982
1.046515794954663
1.0191275989524926
1.0233914960074162
0.9909312751405216
1.041519712542737
1.036304378218592
1.02930397656828
1.0596746542198576
1.0744346872384445
1.0751620588755704
1.0139234405122743
1.036293249028306
1.0208287232682571
1.0419944244617951
1.041532560385428
1.0399563158981986
1.0429440885983374
0.9963517763920038
1.060868467112462
0.999378562794394
1.0187026959029488
1.0664520085643745
1.03706148045363
1.0249799760672498
1.0639056680490138
1.0168373505044714
1.038456776590586
1.0315257689398818
1.0002764143242604
1.0075093726899498
1.0106130634564112
1.0325298254477702
0.9970408423914014
1.0217410500587882
1.0258374739006602
1.0435671406572775
1.0448764749617958
0.9993435947498608
1.0722190896181578
1.0253003742869606
1.061343446074607
1.0381163833099387
1.033129563451855
1.0108388180839665
1.0529921603590424
1.0501275970895017
1.006239257938257
1.0194990875659466
1.0434373628483202
1.0270178860612376
1.0437211499866863
1.0618585500395257
1.0253160042507228
1.0315303743496718
1.010144550399192
1.0241775501974624
1.0129983486351306
1.0488591060340202
1.0036127640630008
1.060850465484775
0.996440655303105
1.0298495884477104
1.0299503240223626
1.0463119462166766
1.0482979299077846
0.9993095015174984
1.0969727815880337
1.0968106830175213
1.0137054865708612
1.0646567503110245
1.0140716607907054
0.9967439453237822
1.0089110598998752
1.0034417871565646
1.0454923404851746
1.0331980931637263
1.0003276108600634
1.0439203526241827
1.0502849404283847
1.053617890046441
1.0404957882094703
1.0426429047847543
1.0301111220016923
1.0098045595332297
1.0258866021097328
1.0260090382058495
1.00952930979155
1.0034288150044814
1.0173593729211312
0.967261768745366
1.0388546758306547
1.0326698784885562
1.047710868101719
1.0146929639135411
1.0357103606336922
1.0348395372951271
1.062423073678609
0.989428417227636
1.078343180057677
0.9987274974002326
1.0702528731259329
1.03152109891512
1.0492401144488783
1.025707622342387
1.0264396240274432
1.023327303919653
1.0499436245399512
1.0297574208879157
1.0295043099856138
1.0196111921579651
1.0335050154519096
1.085254155795067
1.0389314502368738
1.0821961646822027
1.065642561978993
1.0428186126884675
1.0414114030124912
1.0353149096478849
1.0470613250552545
1.0387294480068132
1.0384341308773624
1.047301818856135
1.0295806139340369
1.081442804817876
1.0557004597327553
1.0164838796784044
1.042683063404934
0.997708145704243
1.030825858736588
1.0923000193579628
1.025082371261855
1.0237419054121848
1.0780450473663394
1.0008207775602411
1.028415588826849
1.0262733527897336
1.0234570501066034
1.043758295313651
1.032482958216567
1.0701637803096695
1.062703308479371
1.05354672839498
1.0277193945923375
1.047142519232665
1.0343769106413612
1.0317047702709243
1.0671200227273296
0.9956206695986262
1.0517425571267085
1.007448659679722
1.0348867179415948
1.037821414370904
1.0528894519780454
1.008581843042462
1.0218308528582578
1.0342062237662697
1.042283565998099
1.0190655522543397
1.0517099434105086
1.0438256839576392
1.0399541298205723
1.0722360120681158
1.0279863474437474
1.0223980732086728
1.0077263660902689
1.050167830838576
1.064657320749531
1.0209844869650462
1.0606780925240429
1.0738410386971484
1.028248317931051
1.0226651535761402
1.0476435632322108
1.0158514095869955
1.016119533056108
1.05510991008231
1.0281286343121825
1.0545618472628562
1.0510676626441011
1.012815987700563
1.047582044254561
1.0433152384209834
1.037906883173743
1.070335083030516
1.021498751289572
1.0303497519414917
1.0382752764172627
1.013437146866353
1.0275882214170664
1.0341610801516992
1.033695344119102
1.0153747569553215
1.056795157008038
1.056109830725713
1.0406266625195966
1.0135293648127082
1.0086054506602045
1.0558988209643905
1.0241425017223218
1.0300768862106142
1.0617994757075588
1.037755938442571
1.0355640306205471
1.0525892781622217
1.0471276943908638
1.0499167588334335
1.0276715642324556
1.029053411267667
1.0312570586954517
1.0232774098772317
1.077577344358642
1.0241859905826405
1.0017981128472229
1.0349905208554764
1.01394531215754
1.0038309154322809
1.0204666450332167
1.0339558873478492
1.04237749578427
1.0285532373481123
1.0415222082424505
1.009230769535049
1.0532696357788112
1.0380886049590556
1.0366787013351006
1.007777118837787
1.0436571349085666
1.057944319443479
0.9961926579914452
1.0512816650421102
1.010667450038634
1.004036868550134
1.0380522831906158
1.0222614499079314
1.0639568146544265
1.0277838648605442
1.0293215634675603
1.0711771203823317
1.0231100409558562
1.042952636653612
1.039439093975559
1.0434327353765278
0.98809650841899
1.0210466473437387
1.0081060235495862
1.0083418320039563
1.0376814975765722
1.00039905161729
1.0218904674266842
1.0652273658451243
1.030763703101474
1.0393857589745608
1.025641150433332
1.0465175189743932
1.0306906498874742
1.0858782390027002
1.0281201753990066
1.039264065680034
1.0679754848657406
1.057930830540463
1.0232642040339155
1.010430813791359
1.0429050077757578
1.0752470304474673
1.0223392342485331
1.0322538467705136
0.9900292483015904
1.0591887879677455
1.0649124011840747
0.9998916978107684
1.007080437276595
1.04103869969444
1.0723988681754175
1.065547791398546
1.0775997856747488
1.0288394712209423
1.060388999686158
1.1023425445622983
1.0452056890574184
1.1401032886341709
1.0327114633049832
1.0163057288974118
1.0369114444633958
1.0106507772948667
1.0639343557913854
1.0693815445684456
1.0221610437123472
1.0488666434080425
1.0887178274276463
1.03731565444759
1.045563839544804
1.0299512785977465
1.0215823313419767
1.0258823141380298
1.0054194960971354
1.028644138619869
1.0619307355372285
1.0220794489196068
0.9919518712360744
1.056266893769234
1.0827257583754104
1.0469541506556104
1.0635384503590792
1.0925427833649777
1.0551221299351787
1.0233316726001178
1.0165269391696266
1.023954091799342
1.019268540240054
1.0813467049480123
0.9957140853406934
1.0110976174228228
1.0601995130237885
1.0751698614559544
1.0015889592176694
1.0575196905185662
1.0304475169786436
1.0316426636664071
1.0205115669177776
1.057653793860418
1.0400656445475087
1.0245660583518232
1.023919015354849
1.0277000974134591
1.0327302221965984
1.0231274910766237
1.0859771509880731
1.0285805456817108
1.0447256108086609
1.081484947222052
1.066773954168964
1.062985865333698
1.0172957224222257
1.081681845590277
1.0772106732741376
1.0625202542867234
1.052080214082766
1.064971551956908
1.0198914233188776
1.018242808231217
1.076485121460568
0.973173251489625
1.0532449261533274
1.107713118891059
1.0327024676941714
1.0715096859726403
1.0632523996380188
1.0690378725479484
1.037827122933
1.0646463459952653
1.069650847185631
1.0708607474945793
0.9993862166797448
1.0337563048068537
1.0670610160081266
0.9927526650841678
1.0494969113375026
0.9728502571860648
1.0378414791371966
1.0015884253069502
1.0473890311915963
1.019128273428655
1.0161387174856793
1.0511495502927923
1.0047298806584375
1.03766255043162
1.0366225254095816
1.0107689737736565
1.0126297485827065
1.013332565392256
1.036423368669996
1.000539789323543
1.0033594984589245
1.019446909951269
1.0241800798199854
1.0173710812405037
0.9921972419532002
1.0655640148555574
1.0220371253278877
1.052181955458643
1.074110855310756
0.9983832280504872
1.011486158337538
1.0738575856283803
1.028631982120652
0.998527704688864
1.024977457844694
0.998290780231848
1.0040201155869486
1.0329494253854807
1.0582701561059171
1.0147890557708352
1.0353899185231612
1.015518864805273
1.0355198758253168
1.0277846570478018
1.053987818022128
1.042017719886284
1.0234573363394677
1.0517380446148632
1.0236096558533008
1.0702704900237014
1.0655756642597891
1.037581572221209
1.0744793813652185
1.0185922505164489
1.0318798632112438
1.0508977235587345
1.0703341952513383
1.0159403138436838
1.045653410859007
1.0542625840774595
1.0490039560876754
1.072739826712408
0.9963974219710416
1.0387403438180434
1.015328842569908
1.022986102919919
0.994906394687414
0.9699324131601018
1.0154324123091878
1.0498815302668276
1.005242199728356
1.0248982257341237
1.0370622311488509
1.047557466572714
1.0542361883183298
1.045429845454213
1.026653000065862
1.0480779617873055
1.0453002529330917
1.0603809254867422
1.0123692404908236
1.0705467898327052
1.050722114216376
1.0409719876154524
1.0442230948284767
1.0679120801608015
1.028249601442175
1.0547291535892462
0.9963820910530308
1.060794865735605
1.0535018465441193
1.055765451604053
0.9927048324707176
1.0172535807086047
1.0494026408424082
1.0553545871061982
1.047585852560246
0.9991060111189616
1.0527135652850743
1.0212731912986035
1.012823141399137
1.0234693255897305
1.0496264768687087
1.0310190172796745
1.0568509852915653
1.043610334667537
1.0445832972165492
1.0393887870716654
1.0090031038488405
1.045113688093656
1.025413553996342
1.0457676031011505
1.0378760283037312
1.020322633768496
1.043054029139327
1.0282564193151331
1.0419668771833446
1.0176378981847387
1.060507460574777
1.0239930466452685
1.0329107411220912
1.0234705725749718
1.0253251204507956
1.0264171455959057
1.0249835660683375
1.0620259799150935
1.0344795369138553
1.0958721629626025
1.0681562924260208
1.008823441648191
1.062273403929
0.983657902039081
1.0279023672151832
1.0263592116063218
1.0048924004242332
1.050560157088125
1.0465555165956208
1.0488163018884191
1.073657981608863
1.0197206679536857
1.0100282730483916
1.0183799068586656
1.005662770807792
1.0092819942425704
1.0555413629533077
1.0058247074585336
1.048964099028172
1.0101519504521237
1.0453045657818305
1.0728241070036717
1.015302867477014
1.0261268805725223
1.0715379766867623
1.0210325755054048
0.9955877227943782
1.078725741099627
1.0904856023520333
0.9743247665918332
1.024749363918567
1.0723779300953045
1.0464930557650576
1.0462045146335557
1.0492601668949493
1.0376569141175414
1.0791480208797064
1.0298129133139249
0.9984047714592328
1.0041831162690886
1.034328608588459
1.0413321403662508
1.0392309730101592
0.9974771164925818
1.0613184752286609
1.020471037533489
1.0414421423685758
0.9979127617263072
1.0619906235488206
1.0107404378889122
1.0435509143668475
1.031099392663497
1.0075944330604505
1.0048753427518553
1.0153830429852613
1.0003215163872587
0.9684073824464062
1.0695651616974682
1.0374734532139518
1.013992288818359
1.0454583255585836
1.0245402961568246
1.0133607557082744
1.0245589011030285
1.0461356948695617
1.085876544958385
1.0401608082857636
1.0345832622845843
0.9895933875748012
1.0615492398457325
1.069840208466
1.0301329181386074
1.0183606257732816
1.0221382104813068
0.9883488528319236
1.064020019528825
1.087968958609114
1.000466396200133
1.034200627296511
1.052557086946691
1.0233697841622584
1.055481256894424
1.0277862001961866
1.0679376789179158
1.0266417175391938
1.0427608601292744
1.0404391189693958
1.013905684258913
1.044672245540645
1.089958461869413
1.0211664748289535
1.049400528984258
1.0918163025525314
1.0248128603685198
1.05417543344147
1.0609095735908625
1.0188335401631357
1.0551846486620249
1.058944158507764
1.0365748568273316
1.014040712064371
1.027436098182029
1.0482874726228864
1.0233798607320843
1.0427875930781965
1.047189584783307
1.0251666269474298
0.9927194816980685
1.007354782927365
1.0385082050518804
1.0101379421665615
1.0661944861125774
1.010594550020018
1.0403092075212643
0.9927488124007294
0.9820123620735236
1.0080699395707806
1.0004754001893283
1.0726894097761903
0.9884794338047572
1.0735983594278224
1.0047055947326389
1.0561153840527264
1.0213518711562088
1.020001990980122
1.0473328849934622
0.9826993886832144
1.0490107364354937
1.0244360021565455
1.0014354360187336
1.045585000601411
1.013349592529527
1.0074628114805178
1.0299277106976872
1.050085805355554
1.0298343707661215
1.0788472313116897
1.056212555847901
1.0600766004583717
1.0173270311323086
1.0254311899390942
1.0280000778356797
1.0107900856385268
0.979702490867112
1.031084699498556
1.0294717633779382
1.0395122742279137
1.032686619859187
1.0011135965262623
1.032095550343161
1.041574816893005
1.054034395827411
1.0518157611308498
1.0224500297415826
1.0272919166585028
1.0486908057140525
1.0824170634381736
1.021041025184357
1.0590701977584374
1.0363170927529697
1.019949104268613
1.0265514027816165
1.0026697923182772
1.0380182471151485
1.0099320427383007
1.0502752429058164
1.0275540528089229
1.0289791490579236
1.0125824673801551
1.0547062432711063
1.0305126942924594
1.01361696214314
1.0142740409908928
1.0499286059460424
1.012582978065758
1.0171306019501831
1.0096720925134772
1.0211641989621836
1.086282144785597
1.061780191008855
1.0087845030435147
1.050610559186905
1.0572492924996748
1.0468038757227247
1.039756579012725
1.0022564364795792
1.0367223515083612
1.0434479146283977
1.0466309527254327
1.0047287593533063
1.0148053020845091
1.0523216561201842
1.0418214775217354
1.0863953912863666
1.036972460490911
1.0436914682777292
0.9962166275400812
1.065913537202774
1.0309309076444737
1.0443427251772353
1.0126784217936704
1.0065382927332396
1.011538894951943
1.0081004975965928
1.028816472349905
1.037565863847529
1.0519424441611225
1.0201503659315003
1.0029643516107418
1.0130252862268283
1.0232456054393424
1.0346103900282566
1.0364579012860553
1.0655225741176464
1.0046950338269771
1.0307694905248144
1.0561784731479142
1.0045138464698484
1.032427025773604
1.069275211843893
1.0414537091911875
1.0590111911404505
1.0148698196345027
1.015126678545601
1.04360716294744
1.009031933143173
1.0371500600098762
1.0028484164278773
1.0223579796922244
1.0455389273285456
1.086381221251027
1.1000055480703617
1.0365002720076737
1.0394305094452592
1.0142650592358065
0.9816019498642922
1.0293621225212444
1.008734279406849
1.0373717042598063
1.06669636738797
1.0402687073242114
1.0601927499697623
1.068423495629212
1.0254704054334118
1.0520948836337334
1.007178605467586
1.054799044567302
1.029076537783838
1.0503787651565528
0.9849316365859798
1.0190882443180849
1.0190761233382253
1.03062490978833
1.00503945213079
1.0368034172299418
1.0005583186745246
1.0127983070404152
1.05570685016047
1.0716250241233778
1.0331629503765158
1.0307915688605922
1.0566560258175866
1.0187116108879966
1.027647795915129
1.0145284273989823
1.047537333107976
1.0362374833246473
1.044440592461291
1.0683730245277212
1.019036249426652
1.028664618361813
1.0280370124916327
1.0704374456908947
1.0391580410328627
1.0308316931208548
1.075726998301475
1.057561993758545
1.022013018282513
1.0162574127568285
1.0508670299633087
1.0433074033282743
1.055665207250024
1.0039887868855482
1.025828417697488
1.0096339188675096
