BTC · Hawkes · sign-flip null|1.1325010846776218
1.069016330153945
1.0399920686719455
1.021965129818334
1.0817767904786413
1.0812283419095146
1.051448316760051
1.013606519971384
1.0406416986110183
1.04142693600912
1.0745166344200925
0.9762015333046404
1.0377491423431655
1.0701317090610394
0.9968278705719692
1.0636174237442522
1.0189895638204256
0.9937989946443376
1.0052481399014688
1.0348429489278086
1.0297925488171604
1.044124924825776
1.057945282888858
1.0242755458871502
1.0618507785207223
1.024347979718402
1.0564467292758453
1.0057842301697737
1.0667107769540969
1.063459415519621
1.023506004081545
1.04474028578622
1.0455304697425485
1.0455244264814585
0.9956749691810868
1.0709958237220385
1.0373868708255904
1.0300208222560383
1.0077795673080785
1.0213491900070548
1.060229419964556
1.042702291212078
1.0355142150780252
1.0609028611117757
1.091498753439455
1.0620863431744751
1.0184128660648406
1.031204443217355
1.0727364267727857
1.0764973201308374
1.0291027825887928
1.0753927229115607
1.0944312608868632
1.05968030818086
1.0462442477775162
0.9867317841430056
1.007152384417325
1.0068554319510992
1.0069050680213505
1.0397054687124807
1.0774569033307868
1.0382425238062476
0.9956196689475134
1.003210680147561
1.0200453473828333
1.0272855589763812
1.026966710062147
1.044024458944043
1.0331031657292815
1.0332868971709357
1.0097181087938345
1.0064374505457871
1.0570986260869213
1.0601540371394975
1.0448042525410024
1.0675843045044016
1.113798787892473
1.0348594309095989
1.0375382663129946
1.1485299589173943
1.0504050869791666
1.0400158045478882
1.083283142155779
1.03023832954359
1.0452991208090363
1.0305949636886098
1.0211138820223504
1.0290624074791253
1.050994576317766
1.0783425591212883
1.0302278133644398
1.0359933600910496
1.032806657385943
0.9928370912772704
1.0665885696624953
0.9775380795858416
1.0466490874379697
1.0175078454510706
1.02670079580353
1.0047765626035263
1.0634187003251891
1.0818037449743398
1.0231453637583463
1.0255531637144246
1.030500200181966
1.0464551129553483
1.044536369018895
1.0445639989113142
1.0461138590266312
1.102618000904556
1.0243343097369857
1.015261686725499
1.0516939092549855
1.043616122585875
1.0535970581097385
1.0054473510070825
1.015475286048111
1.0478410213493037
1.0676772508429766
1.0636496686570331
1.0324038299338831
1.0182814202378814
1.013431198800597
1.0792223945448045
1.020977779664037
0.9890169497729772
1.049976109809153
1.0334310042510564
1.02352230617855
1.0235572236684982
1.069483809906123
1.0120455969613569
1.0574131195419472
1.0491013252161998
1.036837010579666
1.0376079646112788
1.0212566574913462
1.0498474237682878
1.084653686792485
1.0325088648822374
0.9877716003349372
1.007211852364001
1.0486484295574776
1.0371199715880497
0.9866721397829212
1.0323255629342891
1.0867482263654764
1.0383847397158206
1.0021275433850974
1.030263939903373
1.016008636345704
1.0664391950631604
1.0382408756880537
1.0324195598742716
1.0293235463614592
1.0442899697491936
1.047992994356127
1.0459194658161255
1.0439029674952007
1.0242785920843664
1.0337900013215011
1.02496299240131
1.0380775410489038
1.0899843498946176
1.1007917610188471
1.0698885038113986
1.0166824780193684
1.0429144678903115
1.047537108864653
1.0178562818595442
1.0724456636694777
1.0513792400269193
1.014928004372318
1.036505938459508
1.01526504287278
1.0425124414329834
1.0435300528822593
1.0855055226300268
1.0283749698271407
1.0331212533045715
1.0852749596334863
1.027020230390637
1.021007135099076
1.1042040347485962
1.0770101359603643
1.0557850933527158
1.0351172582608588
1.0729481697255632
1.0576105081966467
1.0017577403789797
1.022542997544935
1.015438235927103
1.0625203424781142
1.0591629672732836
1.0089540457401514
1.0373617550234442
1.0188045842027444
1.0104296270678952
1.0428535057854884
1.0839734229746656
1.0367651579642096
1.0288671739871509
1.0809604279004832
1.0490472979950174
1.0490038236374644
1.0509847381407882
1.028957984723621
1.0085001462898815
1.0295495523500628
1.0351417934434124
1.050226995340534
1.0560994707811084
1.0780468829483247
1.0646353193557727
1.0656149674742863
1.022875619465792
1.028256070727803
1.0233363697509092
1.0466844843989438
1.0796844461985184
1.0248804025444684
1.066799353692344
1.0192782392434985
1.0114875959248126
0.9903918564372508
1.0417486555801625
1.0478299216756883
1.0397510068268203
1.0549934892502846
1.0455266669987495
1.0468784328122736
1.0589038635965518
1.0372024321895903
1.0420229169873385
1.0089903700489706
1.0326349979300502
1.052874590044962
1.0508534383327903
1.0557073127390986
1.0237435734324294
0.9992604432838752
1.0142638377052982
1.0646453797164013
1.0376213482160823
1.0502472962343954
1.0461139922233968
1.0298319567547614
1.0083209781100615
1.025352135968847
1.0295644389276044
1.0144298130703142
1.0484069276299115
1.0469392009567642
1.061730290654693
1.0247828011455016
1.049783920348846
1.0068048251702757
1.0186159967760973
1.0422682442212874
1.0191954674711934
1.0244618387092634
1.00568232833366
1.0390831999697752
1.0308440406233252
1.0226961659213003
1.0500342669430316
1.0296449821691254
1.0370518610818016
1.0471552403743063
1.023277406802765
1.0432566624944355
1.0412987247054235
1.0401608218426075
1.0197265975033445
1.0797446114486693
1.0622367089426412
1.0268525517156948
1.0397043455834325
1.0520892812430065
1.0427484571930332
0.9987164322339314
1.0417854080634985
1.078069734355949
1.0318988412728265
1.038085380288095
1.0439309628944702
1.0665221574452348
1.0172410930572455
1.05760277025276
1.0398512573230672
1.0529406137627044
1.0128965792986893
1.0606757933731776
1.0500707122179933
1.0672018786148496
1.0476097446896682
0.997989292718044
1.0417696960980172
1.043132071649142
1.0367369831197228
1.0821405805566024
1.0643099974083892
1.0491682375591298
1.0433326270465773
1.02551003673786
1.0256354442840312
1.0625041411132468
1.037710280860422
1.0518866911083034
1.031388220580753
1.063973338482574
1.0573794944419177
1.044020268787148
1.0580874155485327
1.0652469848106063
1.0138857468501634
1.0828715085465055
1.055284921258855
1.0470999329528945
1.0098289074978453
1.0310964104192073
1.032801521849877
1.010373034252628
1.0619384653260626
1.05613431104245
1.0658295388680843
1.0093308543329622
1.0867891059245445
1.0119107366784894
1.0411097607990871
1.0439719746489855
1.0279887857666148
1.060045085364993
1.0434986090428866
1.0544855573577805
1.0108607483754766
1.035338266268667
1.082850532051261
1.0743860453284488
1.0111335985275414
1.044648429201522
1.0181624417292818
1.052438050244457
1.0062383857456645
1.103935113644508
1.0188446729846257
1.0306013806899168
1.053251020215218
1.0309055206422482
1.0497719500923954
1.0018044026165902
1.029862119261094
1.0019326139131892
1.063800181815992
1.0356896773128244
1.0312830660810677
0.9845074493455062
1.0577060423172917
1.0707581096206076
1.0497621382114788
1.0418154500670538
1.0410686064070107
1.0323976531024035
0.9716456126858573
1.0200882324495613
1.0365216126972123
1.0024477813151116
1.0063471521572152
1.087938189124901
1.0162507811451271
1.102969665485059
0.9901895114464584
1.0531189536459225
1.0632916517838562
1.0359694230645102
1.0319303213215292
1.0291197890359
1.0621668146859924
1.057378494626135
1.034310069504832
1.0086127694195728
1.0414665867202886
1.0314326941579492
1.053527267451983
1.0521022496981245
1.005733026870955
1.010575876354046
1.0556744653590042
1.0315008958995202
1.0335922683462344
1.0136746960516263
1.041787479984874
1.083713455914484
1.004617133163161
1.0587089148281947
1.089503008756601
1.0509500861306502
1.0382252223726236
1.0980551586954972
1.0250840198506688
1.0611236241640496
1.0306884013502429
1.0655773743972945
1.0489415277462588
1.052270818739073
1.0395477168568046
1.0207003112635138
1.0122853383025652
1.0168465118908618
1.0444069673774692
1.0187707809601043
1.0684623188017088
1.0445237248715635
1.05826454080506
1.0351301034266955
1.0006344037865342
1.0174931895016015
1.026467527729476
1.018384451912144
1.0142228825931423
1.0509461410260592
1.0789062744963702
1.005374509035168
1.0215749556589495
1.0313891971602362
1.0523992503732014
1.0388114598776046
1.0242008687525388
1.0183107542783658
1.06551497414746
1.0191280617997611
1.004385002813056
1.0312136460163968
1.0282056932914472
1.0552828024397294
1.0302405513679014
1.0351592078175358
1.0714578420900178
1.0437840751761849
1.0363867284823352
1.0505407548165084
1.0072034026514138
1.1021546794831492
1.0530947409960212
1.0337538645957425
1.001284544902059
1.0317405035851022
1.0552118501147685
1.0477505592636174
1.046754035898499
1.0424748896677685
1.0321741824879336
1.012254603562064
1.0385217397483353
1.0426132770554213
1.0634646427187804
1.1230434158109492
1.0847481196310107
1.0747162821592957
1.0505817329510687
1.0490856511650366
1.041004520579785
1.011573017433414
1.017324636375171
1.0164742596073366
1.0730859253460243
1.0042545355127628
1.0450167465436782
1.0593224055908586
1.0322482596082114
1.0099731833940455
1.0048326865109114
1.0122662163283924
1.0354866617432534
1.031132245459845
1.0299216843430838
1.0170547896978994
1.090992134988879
1.0273548427959522
0.9991651671792852
1.035982387424579
1.0111055190854787
1.05945125723473
1.0008378703064942
1.046680854257898
1.0355223989796998
1.030266977158694
1.0815136866265658
0.9974040969672237
1.0409303112159836
1.0527949114900832
1.0155521138756254
1.0190203948393768
1.032253566125387
1.0358825712502842
1.0794503326217086
1.054781575192322
1.044035790232488
1.0217305028367203
1.0302550434878368
1.0417591891850866
1.017961026955621
0.9954393758564696
1.01700202427619
1.0186123880648492
1.0602466062756064
1.0545491910098814
1.0267502305966711
1.0254760715919375
1.0452177399012943
1.0308969182277714
1.0486352250455204
1.058860484778573
1.0493164544257496
1.0547866431051398
1.0293943373763723
1.0516097952299823
1.0615853203717305
1.0822043232384675
1.0383899981370015
1.0603913747337588
1.0285397422437692
1.0688864956660973
1.0218685903202018
0.9944065045648232
1.0380425891185154
1.0150762200433308
1.0755876229561705
1.0439540873229252
1.0509333535837186
1.0179592599607976
1.0460507378507025
1.022146768012436
1.0296473184480517
1.0686355953390565
1.0697939853310623
1.0768865790507542
1.0297399636469138
1.031956057600876
1.0082517951089294
1.018666846244894
1.0006673066228098
1.0897750181524166
1.0339979954758365
1.0151087517568853
1.0600972112751572
1.001843915434143
1.0308550495373852
1.0487158640101888
1.0549150920373227
1.072301147908189
1.0592983311591209
1.0463257177025658
1.0081884174382327
1.069217864091329
1.0681784732069497
1.1019108301418843
1.0327696687450405
1.025353786405967
1.0547148148694705
1.0781549662531975
0.9934565821955336
1.0917541771850665
1.0601958275051555
1.051478260353089
1.0546952770426776
1.020352449687905
0.9976172079115108
1.0508183788937426
1.080215962837907
1.0252795955560945
1.0571992501824192
1.0258068326874838
1.004054316424395
1.0397443287780694
1.0423650095668018
1.0541714007893703
1.05340884375498
1.0405266865121556
1.0792169221050785
1.0782411640149936
1.0563245907532286
1.0053153044020189
1.003677215991735
1.0157787821679145
1.0413504320243736
1.0318669549983606
1.0703453170163395
1.0086513942659503
1.0360934783946458
1.05582628382388
1.0445981480678304
1.0562816889623206
1.0331602125942712
1.039170371787166
1.0441094282255616
1.0533885387860271
1.0540080432856598
1.100906208363108
1.0563145514844772
1.0425689404096203
0.9958000913375468
1.0261216718102832
1.0340706605802352
1.0404147925506575
1.060642128614042
1.0150426305536988
0.9913772682578518
1.0300092429917918
1.041334714939102
1.0390230368270648
1.0363736569691353
1.0607754689923758
1.0477460109481658
1.046738649944257
1.04114593147517
1.0261852247747176
1.0689157957757518
1.0484253038498248
1.0622914956834923
1.0192096614587738
1.0479025406427245
1.0892177258764495
1.0259765558513592
1.064129588808328
1.0716596439234465
1.016329040283937
1.0528284796906229
1.0196436404487734
1.0313199180300203
1.0866961785149156
1.043753879842454
1.008126882385553
1.021815000020809
1.0364143851173588
1.0311094283918256
1.03196342720285
1.0042768944288487
0.9944194313298262
1.0615359805845703
0.9984229985665176
1.0596186836031545
1.04981991458144
1.063315391687699
1.0464119992707523
1.0711211785287331
1.029583928610957
1.0370662099377808
1.0318016712771472
0.9914949650760316
1.0364820775774308
1.0280204482340192
1.043515066667909
1.0448152784720737
1.0329228302023554
1.0327277167781068
1.0651849784940683
1.0304655305694583
1.0160937168451545
1.0839266639290637
1.0559163621590189
1.0467537935637146
1.0164798387050449
1.0360795882650513
1.071038499589851
1.0600235907954498
1.039116537080305
1.0252087591324477
0.9883192532351434
1.028444947770303
1.0613588477730718
1.0094129435574315
1.0552586663700103
1.0334977910951637
1.0626877194545277
1.0175518230923462
1.0274394103943767
1.031210940229199
1.0454657991414504
0.9885146714530326
1.0621396718026788
1.034234504065365
1.015281482951062
1.0143877177396892
1.0461583995156296
1.0192924527184075
1.0344762032777888
1.0680946120016674
1.022034975981681
1.0395940463561106
1.0899848148181055
1.052177351292603
1.0651652304623918
1.009772644690151
1.0656106816391884
1.0049233345851254
1.0310622722550618
1.0619749119563755
1.025636118259339
1.0081024692039149
1.1248722842545975
1.0546421450002497
0.995492168501124
1.028310332491608
1.0597408380256872
1.0458854276828138
1.027835223174718
1.023744502645721
1.0405332486547851
1.0388133830137352
1.0739630109923963
1.0560017636905938
1.0528392290503523
1.0289728978184796
0.991338225534463
1.0403148970313885
1.0230351503603905
1.005542753124177
1.030381278252386
1.0329876645676217
1.0377854400445723
1.0464569552025311
1.032143494315919
1.0428123672579657
1.0191713242698943
1.038981687727861
1.012217972171113
1.064522910320031
1.0617196872894892
1.0319898217531114
1.0842783629303274
1.0020984269357782
1.0887578947919458
1.023400170272481
1.0362072558741418
1.0553771832927183
1.0373606228744718
1.0206189855639114
1.0003427211020204
1.0620938293375315
1.0331147206221076
1.0187086871146231
1.068600454311013
1.0541865234434526
1.07539391423998
1.016171209150397
1.0118657784798155
1.0233872667777764
1.0910043720627731
1.0093509814767143
1.0247784751081273
1.069550198152165
1.0551291744902525
1.0806949702099269
1.0485949533279804
1.045806617871652
1.0908015618467906
1.0671816126456055
1.0498464441362387
1.0628339745429078
1.0584799618972731
1.0615612522237547
1.052955527966062
1.0332316237721209
1.026555764847567
1.020889272658189
1.0650124094956073
1.0521689097149445
1.0222984263466066
1.0362287859517698
1.0190028120592234
1.0318774283752776
1.0618461161695218
1.0913789737162891
0.9870441891439988
1.0321280195474525
1.0398782579374213
1.0270264998816707
1.0440616955776874
1.0731834111677716
1.0377917303902682
1.0193505065165809
1.0652206473659986
1.028748657353616
1.085605634409432
1.0147065707892209
1.0206914237165738
1.0420336199443143
1.0660182385568595
1.0266895295435807
1.088851461270155
1.0578615565689662
1.0360571006341497
1.0543608181200554
1.066637440442392
1.0310927119154374
1.0396753542698596
1.0462738316824811
1.0291054914119522
1.008196622236914
1.0375281647480947
1.0508550433057535
0.9773579724407178
1.058513012103895
1.015356700403487
1.0490034887491904
1.0567832547156013
1.0387809434147426
1.0530565419133844
1.0254922552598402
1.0747104165607315
1.0067866253445568
1.085909241078556
0.997064959048528
1.0739489094894776
1.0476868547173417
1.025999826421241
0.9969835474672538
1.0672665799078742
1.0336117932231248
1.0278387959919395
1.0454793526508934
1.0183288297338489
1.0251707083273531
1.0537999502070523
1.051784443184684
1.0172873132933555
1.049419314083483
1.0315904687879796
1.080859187194238
1.0112727641921992
1.027172513658848
1.014618426392561
1.0046793891592012
0.9978930465596924
1.0297858194843417
1.0629770483743344
1.0594305990303745
1.0361425744117123
1.0322982992339906
1.0542042528240887
1.0056609145163864
0.996339232357256
1.0008426544700904
1.025117705217261
1.0130136133416747
1.06028281769934
1.02605340197795
1.031597825450823
1.0543968567299191
1.0124702183596863
1.024389707703062
1.0229484183657778
1.0572026774675654
1.0467466381947892
1.0429833581830352
1.0305620476160928
1.0640725786372576
1.0748028152142028
1.0446639988490467
1.02606697451848
1.0256711608031228
1.075947283225283
1.0341862429532265
1.074795813725464
1.0691904815601063
1.033467781047986
1.0656008589495567
1.0168918883253837
1.028954065620241
1.0435113079751732
1.003323586045639
1.0433478781089531
1.0381333807460131
1.0608579479389493
1.0414677551021838
1.0759489898947354
1.0420674814022337
1.0857433995920656
1.03457122748761
1.0419762307792004
1.0445548927296482
1.0194389537520665
1.059011089441297
1.0005709459842165
1.0068086976628516
1.017967089967801
1.015257328676021
1.0553210717629762
1.0087339025508029
1.0853263392306458
1.0783193183013955
1.036538380229079
1.0167120268837389
1.060711046122932
1.0328826568667635
1.0466518107556018
1.052451981340774
1.017426399638133
1.0506546632046665
1.0288840421801706
0.9906313798471356
1.0238029464524447
1.0068854658786688
1.0497815842227018
1.035244013167615
1.009670587099025
1.0190004904242138
1.0554391258169045
1.017353488247824
1.0240853614796863
1.0380254804825786
1.0592067029432322
1.0007959524029513
1.060147036949772
1.0512497882529666
1.0629422538245237
1.0162143962496837
1.0357866579815038
1.042097198936758
1.0141292474201644
1.0150983076791409
1.0156057937569043
1.075709267359775
1.0746920963938515
1.016327771941473
0.994753302375271
1.0337017847436722
1.0589062721020557
1.0472177212453662
0.985740668965586
1.036139642956007
1.0821898252056628
1.0473839884805844
1.0424292797683603
1.0212337373337332
0.9830304183569584
1.0104141019348205
1.0546750470114277
0.9955239238512388
1.025130402240346
1.000583755798741
0.9912219133848184
1.04161873913869
1.0354615113657368
1.0149357706594822
1.065292446494845
1.05649286528202
1.009315411506132
1.0100456959118462
1.0231236041018423
1.0428388317117518
1.0293814614266243
1.035643853214942
1.04891355343156
1.0357678326047102
1.0422414459138272
1.0714351559675095
1.0160483723630545
1.009968654930368
1.0335577664268387
1.0391454296089275
1.0310288036326642
1.031816054000546
1.0084579697724756
1.0400470862392344
1.0500774892308111
1.0426519223775712
1.001593016581671
1.025676509574419
1.0460146598147737
0.9951027342779252
1.071413436026041
1.0397155752799976
1.0129988210869456
1.0371320876487915
1.0470597681635634
1.0651378246484005
1.0222459790700955
0.9921818884452148
0.996150124329624
1.0474396421822738
1.0138348374859036
1.0285417516216346
1.0963245280448717
1.0227453848096455
1.0450215591015872
1.0993958954994232
1.0666912034162703
1.0245741373883306
1.0253917269453876
1.039915961064385
1.029564288812152
1.0828385417737554
1.0313014494292052
1.008369336491066
1.05439333196109
1.0872852802198851
1.0331249245519831
1.0654621599016778
