BTC · Hawkes · walk-forward MCPT|1.0511
1.0184483664725483
1.051231263241311
0.9712532448966265
1.0174657543397714
0.9747027396498328
0.968088879090267
1.00829177817905
0.9738964962289846
0.9511823828505596
0.987688824003944
1.0171315923354567
1.0145763998425543
1.0141335725496672
0.98336011816339
1.0398990678420812
0.9593307956120746
0.9895312458330748
0.9885513895381958
0.9950094613627184
0.969774889575648
1.004070135214619
0.9797695954256654
0.9660562763585702
1.0347713491406143
0.99306987177639
1.011479666327514
0.9598005583225844
1.0618133122781457
0.982380844927222
1.0212674870706515
0.950207917283588
1.0154394617164786
0.9554025123654932
0.987440471118446
0.9214637153542375
1.0276108981485323
0.9889987920337306
0.940150740171842
1.019828408130681
1.0587544654044998
1.0096771571550969
0.9823344628642282
0.9888186670859704
0.98622323202339
0.992390631572028
0.9990127518788304
0.9691995743793014
0.9735023414030264
0.9837943015776844
0.9649235948068132
0.9801048044711154
1.037607974241791
0.9829789040027116
1.0264383778967678
1.0414892346369362
1.0051842104124706
0.9581225138760248
1.0350520413407598
0.9776624083976784
1.0012145639202683
0.9758079431782783
1.0107349314898284
1.0081962636683994
0.9553886501867442
1.0072262417130051
0.991619576009388
0.908112555168775
0.9944907860847644
1.0232912944362322
1.0063998771318836
1.0110930854866005
1.0046073946719416
1.0298997156934078
1.0236148351144416
1.0148877616271894
0.9941630921786158
1.0215419903222582
0.9798790829310892
0.9606444155818022
1.0218901761638577
0.9895281932922754
0.9949440885088212
1.007457009733609
1.03899866157482
1.0019638041357806
1.0218668225859469
0.978477883049055
1.0252058852501094
1.012011407953349
1.0695922268964766
1.0253886565638928
0.999421739741358
0.96084762657822
0.9572941993260634
1.0238135979481933
1.048063811586225
1.0266404901096169
0.9183118732193384
0.9602340366627492
0.9233728702837848
0.9492916917185188
1.0146379748083214
0.9660613112520828
0.927102713805426
1.022376350265733
1.002382279478604
0.9690315733129036
1.0166775479421335
0.996334571660568
1.0071713746084625
0.960479049670162
0.9284123491081812
1.0366687428298045
1.0361555381713472
0.9702656705625026
1.0133864206355514
1.0135238192947753
1.001278326335683
0.9419574527067556
1.0287475836527984
0.9448836799351448
1.0176760440423072
0.9973593156191556
0.9814086513429452
0.989718385805374
0.9848403622387064
0.9635543109058108
0.9647037615111916
0.971945595163104
1.009458232497095
1.032917093475434
1.0288771004888897
1.036058869005982
0.9714154468370352
0.986197993438945
0.988499706018018
0.9935410020325712
0.9513667953738923
1.0178909236234124
0.982503227981888
1.0397321027650843
1.0077246648016274
1.018584608883216
0.9759916143038674
0.9922244203367272
0.988084497359192
0.9762246808866634
0.955729666513216
0.943010966459647
1.0156753366873248
0.9482880054096948
0.9545937194756976
0.9833872733682312
0.9774651064814698
0.9457169618873869
1.0326658682786765
1.0493114732766868
0.9285809527106292
1.0060256527159304
1.021906292249876
1.0120307201814436
1.0256059478409294
1.0409063471330442
0.9718996811056092
0.9619838666433695
0.9346969537385308
0.980005850944146
0.970509321331339
1.000413827037418
1.02783512291942
1.033823949512881
0.9894174263830376
0.9748479174858882
1.0370234721514715
1.0451529228631886
0.9702657574174014
0.9925141388051016
0.9975752476727842
1.0100759293000978
0.9613822045098406
0.9592272475590392
1.0353742077600214
0.9522084752932768
0.9849834423061976
1.0137686801220147
0.949556121921982
1.0049801441403958
1.016345593202396
0.9787754292259836
0.9879364799776036
0.9984641612425456
0.9759651231161453
1.049029113509051
0.9940200380809164
0.9878027648235362
1.0029417954823894
0.9954372798181496
1.0109076509133357
1.0223384118133594
