BTC · Hawkes · post-publication 2023+|1.0314
0.988676945672163
0.9634657861539772
0.9701878852198712
0.9739888430896524
0.9857745867127308
0.9812375792686416
0.9779866136690532
0.9803063724271652
1.009510137806713
0.9466076916419492
0.9817753043762611
1.0092423300021331
0.9844344972717448
1.0107917552107166
1.009348174149013
0.9804269606010224
0.970691582016516
0.9878065049369408
1.007861959441183
0.9436870778413536
0.9893940025188788
0.9865158380899376
0.9966723256444082
0.9793030569049864
0.9648155469192712
0.9524043095121848
0.9624917624508382
0.9776312075837632
1.0090518073486938
1.0188483690202783
0.989850758040569
0.9688911484782258
0.9983882380611409
1.0011589170463109
0.9681898389189268
0.9851346037198392
0.999074846686989
0.984884036687271
0.9754445224799644
0.9796016569221287
0.9881263496789164
1.0100670054444891
0.9845955761165892
1.0179164266077831
0.9731267959127528
0.9781459356580708
0.9659960814544448
0.9374446970678936
0.9943474269993606
0.9850055871988758
0.9646825625649748
0.9973680787011914
0.999843769081028
0.9795638046103944
1.0149019441695293
0.9855305253225574
0.983754706137911
0.963478474803445
0.986086056091344
0.9911151134685318
0.9925205841539512
0.988485170958712
1.0208872262472324
1.0112564256063716
0.9789699030273312
0.9787628345427036
1.0239243141475438
0.9901336351597264
0.973434727538826
0.9730686676336135
0.9989113070614256
0.982963002866644
0.9733915300125436
1.0066619696531516
0.9735705962603746
1.0105714948293592
0.9326205698940556
0.9672817608136428
0.989785677836527
0.9724166236293316
0.9914345302325386
0.9936185634777696
0.9958038407316856
0.967256429011817
1.0268992048356145
0.990814865026274
1.006654694385078
1.0294919965758014
0.9924109396597334
0.9845909590056549
0.968847019331915
0.9994083157812022
0.977238186249464
0.944986021937354
0.9570097589642672
0.955844908500147
0.949778679791878
0.990498776112428
0.967065949576386
0.9773294489089792
0.9547926360749946
0.9670398788762892
0.947411405615302
0.9794305918850325
1.0037250224686896
0.9888183770451308
0.9595599710282589
1.0214421255724246
0.9857801078804792
0.9982949427729112
1.0207895985888855
0.9728449635398742
0.9494983097373556
0.9845429962636788
1.039871200229874
0.9886921550815267
0.9380773789510016
1.0004243054152189
0.9676960697689868
1.0130080786455955
0.9879977002745508
1.0088911811145116
0.9996443563260888
1.0064050236679192
0.9914590892742668
0.9790636702206754
0.99830833699435
0.9904422740065648
0.9905957109146428
0.9465996218555572
0.991344890528942
1.0089349697522596
0.963355695079076
1.0169708755952218
0.9374791244573744
1.038331177991752
0.9931357312251308
0.9834626091175755
0.9465039277174973
0.9611331856556764
0.9892132001637832
0.9605851713677804
0.9648890360724875
0.9594775721564196
0.9619212283182472
0.9728458292096804
0.9748324998866056
0.9803557169699382
0.9668959871712608
0.9833727512827996
1.0485819200201896
0.9894923827850476
0.968963561841362
0.9984079957938788
0.9822118115681264
0.9479613297795716
0.9952393737930336
0.9958450247547048
0.9857018086921792
0.9593586779056916
1.0209975704455712
1.0096786936091626
0.9777152185800368
0.948507910911013
0.9945223994089852
0.9512067277156128
0.972132370406296
1.0078970769512114
1.0254737552380546
0.9783289482955972
1.000947013820886
1.001229184055771
0.9560565006017312
0.9772764698444956
1.011028242962086
1.011657357811884
0.9888509358871648
1.0161436785634932
0.9535507751264348
1.022711765015835
0.9914540013414624
0.9542667436958996
0.98779008956782
0.9993672480514438
0.9433969686735928
0.9928581490686968
0.9508273412342496
1.0087149661959312
0.9971831226978772
0.980989425822424
1.0096363028112163
1.0126244571240977
0.974775555683286
0.9732959421715645
0.9872384175744592
0.9663069593976528
0.9838584973790664
0.9646151775570662
0.9926481056381729
1.0098629998660982
0.93720662365823
0.955306349512535
1.0218532444630193
0.984313030925329
0.9965921218031928
0.9715262695598624
0.9987127449109832
1.0001506349848404
0.97384830422039
1.0049708375421842
0.9570508808738136
0.9635648275501104
0.9987258759619726
0.9762589533839576
0.986506268831938
1.0222402296449615
0.9699525491692804
0.9796588434635178
1.026894611580608
0.9893914648871588
0.9758283246796235
0.9764921457358278
0.9866194306304336
0.9288648265072188
0.9615384888397674
1.0043233613144658
0.9931831315964308
0.9836324889305454
0.9693666859639332
0.9449132872363198
0.9984829704685216
1.003513640696141
1.0033165622033695
0.9716489403070818
0.9862713056318084
0.9940132414632564
0.9921066201250812
0.9630947543322111
0.9968037769449736
0.962830342518748
1.0185393154252158
0.9754712010598168
0.9864615459255244
1.0090132393887818
1.0044180315088032
0.9660230834058527
0.9679686923778495
1.04020597742826
1.0062662054420128
0.9503160477763836
1.0040429451969612
1.0138363818451668
0.974871361815663
0.9658575686615916
1.019349385820041
0.9796691415589596
1.0053620712589664
0.9917831479879934
0.9980926250235526
0.9888325482345312
1.0131033057027985
0.9949569560466848
0.9898463167994104
1.0036624369830351
0.9953074100892896
1.0330637731552197
0.9926647171750476
0.9467215978763932
1.01201674527837
0.9969983312509888
0.9889506988897672
0.9817772531533956
0.9795154003786932
0.9913815381389822
0.994124703225144
0.9754869645607545
0.9767311788817098
0.9701050723284796
1.0018290740104994
0.9928446765988508
0.9643317960098025
1.032824680429959
0.999230684529066
0.9780607403980044
0.9712118760882322
1.0003440643514403
0.985917655177944
0.9879870006709373
1.0073758170910148
0.9701681136945968
0.9912557629564008
0.9930391965442786
0.9833993334281648
0.9771391639781044
1.005570468338865
0.9756778350683568
1.002473159303055
0.9908961526644112
0.9753142683524594
0.9824397012965904
1.0284766560818046
0.9705689728694332
0.9791856931987842
1.0161396546930912
0.9708899354639932
0.9784634486229908
0.9955799252080986
0.9758175428789432
0.974443281600352
1.00901294042175
0.9625635447150028
0.9912422417531194
0.9778425131695913
1.023469081203766
0.9933892658331904
0.975801342693531
0.9406007693939716
0.962832931634506
0.9805301867017052
0.9709310395356452
0.98483126738468
0.9984852607519912
0.9880839488207974
1.0047278450907506
0.9816638764433394
0.9702027621423204
0.9808445088598052
0.9934496201310032
0.9928335707961088
0.9804425933645544
0.979740876144182
0.979998527623892
0.9661097109275464
0.9582301857980896
0.9751964540510086
0.9893857052795804
0.9850138583995944
0.977688572217782
1.034692007576642
0.956891058324668
0.9977999890041928
1.0036851845426988
0.969741424916648
0.9825276626481596
0.9607484696793128
1.0301090388427758
0.9913832890189708
0.9611254880250428
1.0118245209999102
0.9618026582536172
0.9207498716479744
0.9751766186784564
0.9955391798164202
0.9710587445624383
0.9622086641706212
1.0015780434894517
0.9635357118840786
1.0052773963903447
0.9855419991778048
0.9895942555173484
0.963945283217078
1.0253632598898672
0.9722948768216998
1.0127759282056792
0.9783086429876876
0.9881911533787708
0.9573594000178788
1.009387924833166
0.9799384184646466
1.0410544543595357
0.9870004206236088
0.9977872808278708
0.9384589774819284
1.006478896818167
1.0152813029725112
1.0150633345178697
1.030463244888622
0.9718193343034672
0.996752487142227
0.9664201451523128
0.939298844074308
0.9631549783407216
0.9739023414745646
0.9583605593110082
1.0035351427899002
0.995477011457552
0.9817057140776192
0.97696119410086
0.9873432998483512
0.9557111162030266
0.975028472038462
0.98712943469201
1.0119742490465735
1.0024302490771473
1.011950255127506
0.971303800268368
0.9816936961348768
0.9780470770880731
0.9968913734298755
0.9883981807011762
0.9809339085809214
0.9867480765895646
0.9609031564667784
1.0157268653696774
0.981564136768124
1.0003067943318973
1.0022658014607833
0.9986585800214683
1.0061337130432009
0.9995748931762324
0.993354140994174
1.0079184460229322
1.0115679003702698
0.9900218398948368
0.9672510232971704
1.0378572779416684
0.9545864948703487
0.9582119896479738
1.0067630399317615
1.0030535182903777
0.9928097497976404
1.0091134003859614
0.9610333586690402
0.9484088118467492
0.9821509104748868
0.992210890054666
0.972768918385858
0.9767695744211082
1.0097334027793583
0.975071931191801
0.9932992313859688
0.962885872458662
0.943861998160227
0.9776256345033776
0.9906371756502502
0.9730615059224008
0.9703330773716212
0.9773879817841724
0.9896403365353528
1.0125864414685646
1.0051844243338235
0.9932274287617304
0.9833775886323513
0.9760721525375669
0.994727768937176
0.9413096207976628
0.9694043075260194
0.9588836518316558
1.0214153507357016
0.9718879923071272
0.9773695141419452
0.9764201580776758
0.9819705928390864
0.9525534174459498
1.024831571629747
0.9758635383237868
0.9952546247861594
1.0105584255734024
0.9651692762340988
1.02004651791669
1.0179613058929262
0.9933682624583476
1.008864574224654
0.9880111328354312
0.9913981628338993
0.986389059280514
1.030252991909879
0.9732788973508156
1.0058876652511082
0.9719538881358936
0.968077704384906
1.0019255317985245
0.9957274286655772
0.9864079913091316
1.0154584123844077
1.0110980372823593
1.0272814540506283
1.0019010581901424
1.000302818800673
0.9750590931977496
0.9797249916117942
1.019688560644836
1.0207411130591877
1.0022611315899224
0.9858606704674954
1.018876602009823
1.0298359153240164
0.9708726848454204
0.9853122458479862
1.0148321180693027
1.013445765405934
0.9790202050826778
0.9820072184353232
1.002183544178214
1.0161893362758805
0.9654656357440724
0.9743725548405976
0.9741472238063172
0.9693374776185134
0.962320067299092
0.952018085038708
1.0161748163783786
1.003651635759025
1.0121970948360492
0.9663461508723042
1.0029497283591564
0.9995636486110474
0.9982547102892032
1.0149673273825872
1.0170371053662648
1.013880735217103
1.0122557887536814
0.9661694357685482
0.9824684421736056
1.0065365245968416
0.959615300858
0.9575320783683786
1.035276565944472
0.9770401136438672
0.9981408310303356
0.9795679647550196
1.000694496340269
0.9886853329260394
1.0051784799630483
0.9993952965342948
0.9600397116971372
1.030568208394693
0.9671923427421965
0.9545032402913908
0.9840809192008024
0.9631246415252116
0.954422248552115
1.0315690240478304
1.0082968488481443
1.0185193179401364
0.9497577617422676
1.007136206315214
0.9715596347126624
0.9850935118379012
1.0076646625726335
0.9790579208021648
0.9971850221770752
0.9807562068980912
1.0209072155861716
1.023428132590613
0.9810453801193832
1.001300308046036
0.9769049894803574
0.962953405617996
1.0069289428825243
0.981954630042683
1.0098088522218056
1.0112071084961902
0.9738738790806007
0.994562497612858
0.9950991494123717
0.9934502669641242
0.9898423944534688
0.9891055874395532
0.953569124598383
0.9970198754728216
0.9924686270574308
0.9856329603435732
1.0140377052920606
0.995003148449366
0.9842629331396134
0.9969408834630208
1.0259558439954108
1.0106281474308594
1.0165805458706962
0.9864784246469156
0.9932337131531596
1.0023684842020153
1.008156254495502
0.9967460852928012
0.921785171342826
1.020225398928749
1.0064596682303868
1.0046029779755012
1.0148415248713556
1.00457595076714
0.9447523302640248
0.9518077606082904
0.9610422265136298
0.9763526197546232
1.0100333194749185
0.9740353517511512
1.049086703425177
0.9913539536576558
0.9768570117689191
0.9985448721660312
1.0045149949665453
0.9720670879185672
0.9835456351320502
1.0092903854103246
0.974985946774674
0.9752987487535204
0.9985982367736076
0.9363045538842736
0.992264871784069
0.9943910040509488
1.0164137217134348
0.983157955298406
1.0030935890088604
0.979315220254368
1.0307737440398743
1.0094206329244872
0.9779807845055624
0.9843272228165568
0.9785899316544796
0.9968404989698628
1.0216957694515705
1.0050898910264217
0.966953102242319
1.0376075889592242
0.9723933884284864
0.9871203458656114
1.0000591282114788
0.9769732649750996
1.0139380768550272
1.0046238763774302
0.9961789711721049
0.988508061300336
0.9868337891147728
1.004088318982675
0.9812174526405956
1.0003256554369762
0.9789281825714408
0.9937644686986868
0.9780433000318745
0.9959418517863128
1.0123133477826716
1.013457002623365
0.9767857960368812
1.0150491231577456
1.0066674012406265
0.9607633693373572
0.9491339780706988
0.970304778538445
1.0233018889753225
0.997024409593606
0.9612118006323874
0.9590064929305449
1.0259314030018347
0.995904277153926
1.0180812212398032
0.9943626551813656
0.9877254874408145
0.9636941070127428
1.0127835036600163
0.926625041168158
0.9764126429795732
0.9851906619472331
0.9784625016806626
0.987732480356064
1.004519570310632
0.9989419284149876
0.9571924973620188
0.9868326081014412
1.0124407550478132
1.016090334160472
1.000500269690239
1.00602697036686
0.9199956973946316
1.0032224276420978
1.011560136108077
1.050323112719056
1.0036002147350425
0.9865171970980462
0.963068193006568
0.9247009323143632
0.97136665009613
0.956378560056695
0.934891808767252
0.9686740631221982
0.9752326696558912
0.9541240364836574
0.9554468830889108
0.9693567582884464
0.990130354703362
1.0041837301501926
0.9898876766446054
0.9680347661263252
0.9745757685270356
0.9975087331328296
0.9632597445771016
0.9686992488025286
0.9726085203717816
1.0126697105891274
1.020728548643379
0.96073774348012
0.977980834171404
0.9969560195971224
1.013236391223144
0.9853430163632112
0.9753823314723772
0.9574950751938056
0.9611641975792018
0.9768029427576592
1.0170149367294783
0.953240238327321
0.9819128276727508
0.962446451558561
0.9727811059312428
0.9763102002481082
0.955697948570077
1.019320324514938
0.9947485061656042
0.9654455032106992
0.988936295187309
0.9575699332083402
0.9492049239431656
1.0284687219393898
0.988283648449066
1.0446412181518672
0.933335556696828
1.012876776621684
0.9847875926446412
0.9890534590308584
0.9939465635450956
1.0487188955511515
1.0230049131597538
0.9701104570152432
0.989902054242512
1.0314909969095656
0.97696046454939
0.9672881740662136
0.9943532585325416
0.9664437265965083
0.9493162750180494
0.9584572694697364
0.995880167801642
1.0061508986553305
1.0563730915994405
1.006840488767603
0.9897254541572744
0.964310715948508
0.9820964957036226
0.9905570202041885
1.0192619066783883
0.9417376764077452
1.0215699677654917
1.0090233036831968
1.0022667782676884
1.0393999379142909
1.0100359941650798
1.002553922311169
1.026560119399497
0.9862608841411662
0.989710794283982
1.0166431608974116
1.0269078270352068
0.9859482887066786
1.0112650908383636
0.9665493938781424
0.9647329317348028
0.9827873363785642
0.9779356113769552
0.9950471205560606
0.9472737494980727
1.0235753766336535
1.019185682986988
0.9830228584226992
0.996857539291254
0.9548413937991388
0.9826943322551432
0.9687880907979274
0.984900326819694
1.0073992877843865
0.9328872702552564
0.9713472537500186
0.9998084736357444
0.9799579590494542
0.9537792349422298
0.9866312668812496
0.9492916579475634
1.0129055075532791
0.987990316808384
0.9693944066237132
1.0420706202668808
0.9783439985650147
1.002959321242802
0.9471171527759652
0.9921819252772004
0.9433301791151394
0.9671345731793584
0.9877677627114828
0.9859685341505527
0.9588005336702284
1.021147626050438
1.0106272425846006
0.9865420409460216
0.952229777660434
1.007547907576035
1.0052777124504542
0.971471831082737
0.9715934044042788
0.9619383148089586
1.0210165693840036
1.0381568552044418
0.9956363435270384
0.9925288736811508
1.0258517816557329
1.0103064722640127
1.0338130936981336
0.9557645668508904
0.9935293148686036
0.9687509713535356
0.9893188569969292
0.9819223573978813
0.9693029635125512
1.0009401801619373
1.0069336958256634
1.0017166351768023
0.9704037065486888
0.994277773987259
1.000748951419632
1.0268407105665591
0.9754939583999724
1.0004328254013812
0.9577877360263688
0.9833493362108432
1.0220281868442949
1.018910324813881
1.0093846978961334
1.0223894805333693
0.991982324262932
0.9841961495005044
0.9860100877946651
1.014618077961414
0.9323614221547316
1.0238726237148636
0.9604400669378136
0.9863689456411516
0.9784554614121472
0.9884891730384652
0.9849791925752516
1.0129508255438224
1.0136832762728274
0.9903648587854832
0.983278696767681
0.972261186641863
0.9371001296938484
1.0043505855944133
0.9799455263425956
0.9878875296917768
1.0229175549623193
0.97989754266227
0.9838679916888308
0.9720651171333842
0.9812261002540016
0.9946956511856848
1.0303111800906026
1.0015853594050403
0.9678432920532928
0.9507710309579684
1.005656692767251
0.9663657857995196
1.0049887719893535
0.9920133843955884
0.9562747876651254
0.9941228726593906
0.9986032714039454
0.9958251625420524
1.0165185699572044
1.0069874042824742
1.009337473181647
0.9907972448034728
0.9884555758369832
0.9779517541427614
1.0164060570621214
0.9980169332378472
1.01320177878596
0.9903189415599472
1.0068412215640992
1.0215190051932992
0.9741466498516492
1.0001423703037893
0.9926238111049268
0.997981548278143
0.9665535882053014
0.9998223579970368
0.9666372375759976
0.9869551521227596
1.051630791371982
0.9864628371055814
0.961900086793778
0.9773449574077218
0.9576472485507764
0.9396737501172256
0.9704100231607128
0.9532561944531828
0.986671394130708
0.9797035548387908
0.9886174613740382
0.954877925709694
0.9936517132192404
0.9663780305898662
0.989146525852194
0.978139877100298
1.020544494398362
0.9502595190131792
1.0004181564450323
0.9985781522018384
0.993915729215599
1.005734322626637
1.0113276797640207
0.9467086205055728
1.0114503026188315
0.9793611264432276
1.0122277685336427
0.9935884758387884
0.9887673884597532
0.9786092819940168
0.9999519003944134
0.9731424074596052
0.9882328107658698
1.0162105539661506
1.0023678643859504
0.980511631149028
0.9695335691145563
0.9916544845669149
1.0023769775016114
0.9871432686938956
0.9614754176258304
0.9907653502024784
0.947434328070892
1.0153636483358512
0.9673387876374496
1.0168354321644346
1.017732560530325
1.0304184586094356
0.9953137397385088
0.97292583907915
0.9535065618713116
0.9947409798036092
0.9769878750641082
1.0338778325081637
1.0048680347461254
1.006159593088317
0.9803765216754948
1.017865850155716
0.965812618453147
0.9503277848513488
0.9936112777248728
1.0012675567085698
0.9775047934174392
0.9657744197291538
0.9891664707347918
0.9538330001484332
0.9980250524546846
0.9982916017251814
0.9910247665344571
0.9831313118610272
1.015565187923879
0.957041989420808
0.9675778658180304
0.9631272483939614
1.0074487218393413
0.9958460442998603
0.999773019366252
0.9962005154587612
0.9805848373100232
1.0192029469172028
0.9761704656371906
0.9562478303362024
0.965085852606544
0.9702121062063948
1.0097854618473334
0.9574291852408056
0.9900935474441708
0.9942110911931358
1.0197343005492214
1.0308041507689527
1.0103752061347848
0.9766761096493934
0.9951218197330812
0.9917770231977074
1.017241419300777
0.9741921020662976
1.000294136372219
1.0357249763973058
0.994184549643584
0.98216199046699
0.982830283729618
0.9832458168560648
0.9686542115948784
0.9811898603445836
0.9773079709836072
0.980912416721895
0.967180605625086
0.9672861888624854
0.999878173667631
1.0076294469412557
0.9857122184164528
0.974187612764548
0.9546595018102868
0.9901645435725804
1.0051271628162677
