BTC · Trendline base · in-sample|0.9364951004728946
0.954024042784771
0.9582114385750584
0.9556260693681254
0.9425918586425852
1.009027260975345
0.9102254049792526
0.98840848037153
0.9160549437346904
0.9321571925776402
1.0047768294972388
0.9394981714923524
0.9542172297540932
0.8995469986653072
0.9670270541451346
0.871451528800715
0.9762384091590328
1.0090460864669026
0.9143684111520124
0.9456956824122136
0.9444049301456086
0.9593751862921096
0.9233893215110612
0.9310644720714192
0.9541534368671286
0.921836759200278
1.0407796078709612
0.9656248435338316
0.986878515676658
0.8451641503895106
0.9070673908388042
0.9175890514504262
0.9860578020155684
0.8971859961460962
0.9837170307811416
0.9593142459449314
0.947669919018802
0.8832473094877762
0.9134016741688914
0.9131513920053635
0.9471798546698754
0.919609814048712
0.941108531049818
0.9581608299979232
0.9704636607808756
0.9710796093977796
0.936845834354854
0.9889838740990836
1.0518956660022156
0.9645773195060824
0.9618057167716472
0.8951076989931762
0.9633799703857796
0.9572304608708728
0.9887429336885328
0.9296130637083908
0.99612194828535
1.0101344076554464
0.9566087421496068
0.9515015023740412
0.9948138443528516
0.9516120026904208
0.9193658074895138
0.954767644608086
0.9976301055104566
1.0103708826146325
1.065148442542486
0.9772629049954548
0.9873989709688016
0.9585816441522406
0.914245570125368
0.9384667313348214
1.0220767209133146
0.9236567755983672
0.9719392039478224
0.9317729462264874
0.9827533497561451
0.8781558331828984
0.9526628741109476
0.9657902281981984
0.9358092959779492
0.9624035841021236
0.9437731214195102
0.94633807040122
0.9467209370472608
0.9176605951314528
0.9145409793602348
0.9438374831174016
0.9446315709134726
0.9263986956827096
0.958755088718354
0.954009852577818
0.946077476021761
0.9228264545848456
0.9351588418780272
0.963566189944638
0.9281919994009502
0.900359071301954
0.9302417150438176
0.9032599838038604
0.9170467377395513
0.9688392586334924
0.9392311646317116
0.9499213907688554
0.9376256076993998
0.944249093025728
0.9278506046317077
1.0651426292965724
0.899464484672258
0.9706625017797408
0.9698216285807474
0.9162427223727732
0.9613593239819216
0.9700909233075076
0.9667306552533425
0.9650683863905772
0.9217416956512864
0.960920087455548
0.962349555194947
0.990116834393774
0.9635493786387488
1.00190029497117
0.9298429422138366
0.9141063939872444
0.989253013341549
0.9812992963975196
0.9378734402332152
0.9487608444788176
0.9972732881328892
0.9230074352698268
1.0752489994941388
0.9437753687764604
0.810093074928295
0.9242503268265282
0.9089935657076388
0.9253415321484364
0.9036461432717078
0.9492583428275224
0.9485977726972422
0.9603345204216536
0.9228729758922374
1.0647532174934933
0.9170551430757652
0.9371447866016884
0.9534237362392196
0.9277041537733018
0.9479170299161064
0.9079127764011832
0.9068081704707074
0.9616098853089088
0.9458917738974968
0.9207210979535956
0.9126345639834088
0.9944135924808096
1.0241772346137774
0.9444280476270924
1.0277250208107591
0.9659367399234468
0.9557687801798552
0.9212554861576178
0.954965859974718
0.9596686376148408
0.9515449799433202
0.9306121604617352
0.9690679006700236
0.987008888565634
0.9834926227771807
0.926508922015243
0.9019405846800742
0.9778201297628384
0.9661627282839326
1.0092164502141932
1.0229414306608118
0.923013119313681
0.919873789194041
0.892390607425524
0.9584588736207386
0.9450547113229948
0.8920766920064893
0.8783282387422452
0.94651490757112
1.0094270724151573
0.9706386390151156
0.9174429368035713
0.9270061708812206
0.9862013958972606
0.962633171123751
0.9942407388493744
0.8954833760328125
0.9265480083746872
0.9118636024330478
0.995641387345689
0.9689752191074628
1.0222290132726712
0.9766573358973222
0.9142775339664084
0.9629264330847378
0.922121436822904
0.9449815466905732
0.9617858749936864
0.8628462618747098
0.9643113333917844
1.0109171349878656
0.91297936525031
0.8908737843187309
0.9649164024301712
0.9463786117251992
0.8924837245527141
0.8894506405064326
0.91392485459315
0.9325313653665088
0.9811482824670072
0.970137361155234
0.9358441878942456
0.906812430439945
0.9565878163227446
0.9680823950362184
0.995112795252457
0.9430460525707596
0.900778938513394
0.9881236182264208
1.0014098869173806
0.9920856907693776
0.9688051880180046
0.94413085154676
0.9810227719725804
1.0124986498191106
0.9611771377926532
0.9357446683497757
0.9361986548675648
0.9133235902841766
0.990908345204332
0.9099410698967976
0.9357727118355672
0.9629760539573526
1.0074703187854352
0.9158004489394572
0.9226590434119852
0.949422533043141
0.9382836463884928
0.9265057844796112
0.9295299646570836
0.8902170536005218
0.9687466566090692
0.8926126275982367
0.9375949720490596
0.9594583036639835
0.9293830283186986
1.0239757651844024
0.8898758022689462
0.9292926408447466
0.9026258472900796
0.9089159710196768
0.9627678875223388
0.9991646241667782
0.938889136010719
0.9533153974955296
0.9079790318114824
0.9068454675425672
0.9031809916418344
0.9942568079184538
0.993093856500122
0.977041494439326
0.9323349827091868
0.9058756094729704
0.9264329482537604
0.8670267270757481
0.9500108936377452
0.939578895868107
1.0144506595354077
0.9674955446100943
0.9667003951464964
0.9737085615522428
0.9101148094491892
0.973219320548632
0.95229692862546
0.8631419525941242
0.9934090148533308
0.9722535068537396
0.9351749692234044
0.91287229074194
0.9894801893024288
0.9666611781666216
0.9687423871638212
0.9755118844406088
0.9500656734312634
0.9186836922859364
0.8766764528952891
0.9808477608190048
0.9526349874808464
0.9817808913567392
0.8894448670796965
0.9630060652887996
0.946788437473632
1.0011237013751109
0.9897904780259776
1.00104045916462
0.9633090700908372
0.9271077854259122
0.9377948830484996
0.9259775107134626
0.9807692164330364
1.009411054432637
0.9193197406169462
0.929889794215344
0.9000697345438774
0.9698781648680884
0.9182750937556045
0.9614951119468124
0.988297764497774
0.9935772619222636
0.9027179774821636
0.9960614428621124
0.8424155705477874
0.9139504759667202
0.9188151119559096
0.9099416966582374
0.95249866080764
0.9505248334955424
0.9051185533460732
0.9791427273887572
0.9888556621163171
0.9067589470122835
0.8478268051669807
0.8604392451385175
0.946497507043205
0.9556623284293811
1.017067132311975
0.9542609017273148
0.9096150156837268
0.9529444877376716
0.8831161719569254
0.9374281130123115
0.9366322350239356
0.8922685237056668
0.9686614814290596
0.9620676470347737
0.9212896017659372
0.9315303541541264
0.9264089949736326
0.9848174468430804
0.9505404506861056
0.928949877997882
1.059506940500776
0.991825335967778
0.9831526116150906
0.9562059707356222
0.9883707389541808
0.9880458979319872
0.9961466901227236
0.9414497588860836
0.9524810197712968
0.9394446271114484
0.9606037003770084
0.96591751193366
0.9216904589704576
0.9520728991537936
0.956382413290562
0.884613407458186
0.9859406188737608
0.99061821125244
0.9853232914436622
0.9340214449605834
0.9511345320649036
1.041602404062026
0.90501302150384
0.9761293755923132
0.9893651848301924
0.8973738661033812
1.0204113449926546
0.9895683448298136
0.9127702220338972
0.9970301850268664
0.962088639122696
0.9590036072985716
0.9275195591100291
0.9588148384943858
0.9509807227879524
0.9447255080855792
0.9343125998441864
0.9375664245523264
0.9925660668685526
0.9737465812297676
0.9274681810505094
0.9515465804872606
0.9706862835118116
0.9928486824080192
0.9868345287282498
1.0109353654680129
0.9776711491880744
0.929804944996216
0.9571149963477742
0.9735313527353128
0.9658606751998556
0.896884280040222
0.9056791400225594
0.8957702382723359
0.9310918447645856
1.0358297778687415
0.9314910451222822
0.9496733814793522
0.9544703566280563
0.922539263596528
0.9462222240180704
0.9664341415985248
0.97944770550913
0.8862512599525665
0.9497831293161682
0.9320647174080522
0.9405638057787172
0.9943209721120652
0.8736419810198793
0.9229275855417736
0.8791127568721556
0.9076361134961186
1.0449355904178792
0.8954833741654532
0.9206344898454296
0.9180775919721644
0.8966505983481812
0.9892869830966812
0.930339139099272
0.9194618393269752
0.9108035622335058
0.8799481967797474
0.933320446672674
0.9311078487375324
0.9117195991159902
0.9476086168963256
0.9726763192150852
0.9515513749974563
0.9816880290048724
0.9709481285290662
0.8507913880810942
0.8416673320436335
0.9811801126214206
0.931095724930484
0.884538744325416
0.9300582144475938
0.9107029796077808
0.9994119788233904
0.9596233076475476
0.9807860682748542
0.9701290791579378
0.9675940416256344
0.9463359455393698
0.9759670399420494
0.8991961419194373
0.963067284902318
0.9760754931687344
0.97532826076214
0.9502838444077772
0.9431727888886632
0.9968437234620876
1.0081525548634156
1.0249854339404705
0.9448508724279382
1.001003971405971
0.8894035950822553
0.9798060914759896
0.9597767303678084
0.9471976323549438
0.9558443499769644
0.985144472442443
0.9881129177681875
0.9667563927376788
0.971829219702076
1.0026088531388255
0.8917789225700072
0.9893723309952532
0.9765092898616928
0.914415907723579
0.9289852548133972
0.9462580011084252
0.9376208779592
0.9075923812502809
0.9411802044448796
0.9272781068355996
0.8921309381267455
0.9314895803158714
0.9517971493579624
1.001681732194647
0.8762948173374653
0.954885956119754
0.9238014989578284
0.9590350953225484
0.9300133361121716
0.92964074912888
0.9523713556789766
0.9649276671570184
0.8987420860892914
0.9410686541088066
0.9512896461663368
0.8917243941597465
0.9598671637799062
0.8852281888385444
0.952144241524343
0.9249823632499948
0.9790188921925108
0.9424895906632988
0.9606083365606796
0.8804497826151227
0.9551222130999052
0.9293841435190447
0.9487276781743416
0.9290670614601736
0.9850137762359712
0.9276695980293056
0.998159432928946
0.9303648487699993
0.940946592254107
0.9142503981409504
0.9461717408916775
0.9506687420519024
0.9624583022302036
0.9982927310655644
0.9134890799935362
0.9612051065839486
0.8948548353390291
0.9716372029766108
0.916689778400151
0.932294278887808
0.954459999434958
0.9176745042710664
0.987429089836578
0.9889873468409712
0.863995445536252
0.9770021142604872
0.950434003350552
1.0448319267790007
0.976201774056389
0.9766427809676944
0.9066533557671212
1.013414551320161
0.9363567811596348
0.9613503594590912
0.9110856236007836
1.0087145525320027
0.97017362904833
0.9631521922375602
0.9907618129708488
0.9582983583310464
1.0295724244630875
0.9348595039456838
0.9542878600854154
0.9755192030931044
0.9425940649844322
1.0102729614247268
0.9522190747571244
0.8945226354837705
0.966587099334198
0.9888976681390108
0.9586672980464082
0.9133986379343448
0.911404050092336
0.8975906676711763
1.0016722847591162
0.9101832374797504
0.942750336359967
1.0414543237721028
0.9494393165880102
0.92759217698486
0.8707975112142404
0.949107822277682
0.9782721185885188
0.8988051821853015
0.9388411147540938
0.9312274867442416
0.9923792526425236
0.9033983320808358
0.9017209380038004
0.9323019576182686
0.9069172161165816
0.9736804450973048
0.9536409899865628
0.9897702924205868
0.9075890016403796
0.958377632497571
0.9149753691148256
0.9282702271871788
1.0041967492732735
0.9208640208485588
0.9648176897159412
1.020637668371336
1.0056252726801969
0.9479703897948784
0.9005418267800402
0.93446015249903
0.9160082892373852
0.9060680308429636
0.971941408262175
0.9373870623329283
0.9383311960711274
0.9361121999566716
0.9717166201321464
0.9681456587663358
0.9240173363263354
0.9181469566384745
0.9654130178668044
0.92226274811295
0.9386112149889052
0.935418244740541
1.058655602853772
0.926864637360086
0.9840428409395484
0.9654006359397044
1.047489674331165
0.959720147057745
0.925242682349964
0.9566508805288042
1.0145149745128634
0.927437852195706
0.9633705593084568
1.0197186143507395
0.9225916680638871
0.9176441338851228
0.9682835676813428
0.9742950586929334
1.0181149538526504
0.9327713180059792
0.9565996843455836
0.9591505216431678
0.9601678634969462
1.01077926907935
0.9499819706292196
0.9509573973726108
0.8914365689737147
0.9773927644436556
0.9685228478235468
0.9874980349499924
0.9994090361928524
0.934927284789464
0.9484045084783989
0.9943661340953942
0.9433394585197424
1.0013625423782695
0.9834158356459892
0.9425718812396494
0.9299229961342896
0.9669513270827452
0.9970973302214992
0.9573709763046954
0.902113140066
1.0059306166182995
0.9795368016277748
1.059802577314225
0.9478846015338556
0.8897483357749931
0.93255501768563
0.9403274871900404
0.9045485153371766
0.8709964845073325
0.8888388530786321
0.9250449566112472
0.909867003693336
0.9507298193653636
0.9947380678396992
0.8692672440977903
0.9292855478067154
0.9460662733592744
0.8892515742203593
0.9618192532191968
0.9182973055620456
0.8250691382876035
0.9314011600921666
0.9587043257309256
0.870748590718644
0.9536535319669154
0.8545025631200772
1.0313844756692905
0.9593754929355642
0.9288034710915648
0.9950402052631092
0.9385352547773682
0.9814947152094504
0.9856904384315728
0.9510336925548076
0.9297305784532548
0.9421056242885214
0.9578080211531476
0.8983891575573536
0.8369839971651872
0.9051400490541138
0.9401981997365356
0.9501730708127534
0.9700003659348696
0.9116115822528478
0.907288800152169
1.0163816951106366
0.9592066477659266
1.0343990267907937
0.9072898750360092
0.9329340536265192
1.0223630398749108
0.9219194621330372
0.938946931745194
1.002391086605923
0.9380207615596026
1.0235480384896525
0.9309353095253644
0.9091393441844808
0.9544775294929476
0.9906245282443464
0.9877851234821976
0.9516862699116908
0.8735959708400087
0.9618999537460832
0.9590829047189772
0.919983550797504
0.94840088209296
0.9082849603796146
1.0121248827299407
0.9608667205428488
1.014419071973852
0.9271640678553936
0.9984194030997108
0.9748952752890726
0.9350700010956468
0.9009304406665944
0.9588561879543048
0.9834107927073596
0.9777892338753384
0.9472421748576916
0.983374183238957
0.9074532330334186
0.9839549063004216
1.011894588972744
0.9148162445683434
0.906565395545096
0.8885049979496203
0.893210843329251
0.9446271100981992
0.9950604537920652
0.9262066656181488
0.8898512696526203
0.9558761745533748
0.9298079255314874
1.0466721516856223
0.967598799389322
0.929988212872537
0.9516390762932884
0.9315570754627844
0.9336850613718962
0.93328096853343
1.018409242506498
0.9538305655505372
1.0152934483549174
0.8705923387403004
1.0110491875742416
0.9261753906537504
0.9425396067890554
0.8780445251740844
0.9395202470329898
0.9700842531434858
0.9782020488940226
1.0141079537339246
0.9579599250990172
0.9532869309179302
0.9738275284865684
0.9041107878362368
0.9921379422564696
1.0063451549666544
0.9326920725648192
0.8980461397855178
0.8897444259376082
0.9229073822258678
0.9851202844052708
0.9794074956346468
0.9941203271234452
1.0087982706074998
0.8788554333322202
1.0070956772277593
0.915215167717266
0.9668252669309
0.9857634498841692
0.9135926304251032
1.051114447052861
0.9269317958652796
0.9870278391189716
0.9761507617792424
0.8766497140819548
0.9489730229278406
0.889512153765665
0.9440494677017436
0.9087015022664364
1.0187547210497894
0.9561359533114724
1.021037876529669
0.9485556666024928
0.945549144288847
1.001407658112602
0.9784234025925008
0.968501965270824
0.940827121030034
1.0429219403714145
0.956949234089
0.9407424050182348
0.9673078216208048
0.9076968345268004
0.9434465694174102
0.977414909818717
0.8752099613645018
0.9173894677699768
0.9696749643870326
0.960335146268926
0.9428650147332518
0.9348408451312986
0.9216872423960244
0.999082995641018
0.953200938895886
0.9025471594538284
1.0024373755303673
1.0157116575145893
0.9636635187612074
0.977337367126324
0.9138634565286116
0.9579284551950616
0.9512174733354384
0.967385024030911
0.921421644810524
0.9282114583214855
0.8925804933469358
0.8982722922445922
0.8999979922431405
0.8749134192824036
0.9137500485948514
0.9629295550795388
0.937671954903605
0.8954589116931138
0.9299240481349964
1.0029256110244538
0.9844293272830662
0.8912161292902104
0.9971712632755642
0.9482866773219316
0.932688892880758
0.8758920328240738
0.9533769246348808
0.9275070969469276
0.9519750716534648
0.9579712519004118
0.927170161877041
0.9925857445388604
1.0345517073477264
0.9420797246404252
0.9958206092241912
0.9116452567809252
0.994948890533293
0.944879116766093
0.8950235688333337
1.066392927237967
0.9787318294459766
0.9179715894863364
0.9370923358029536
0.9397293328105416
0.958978384050034
0.9001591025889046
0.9964762514604498
0.9866215352356678
0.9426349772896362
1.0292203442695051
0.965734526766964
0.92832920946724
0.9498875085582004
1.0056679881741326
0.9279104187296796
0.953010909306059
0.9570415665199752
0.967233747024756
0.9150266970489268
0.9019186913723908
1.0690660783223511
0.914875560152992
0.939135903542676
0.9240890470066896
0.923146857006887
0.9343980775568624
1.0270876410257597
0.9929228916845276
0.9106000405434298
0.9916111385819906
0.953816861916678
0.984229947874564
0.8971992831021589
0.9850499384076312
0.9610281743532648
0.9933350366142332
0.9668288543946016
0.9518120106479946
0.9473845580043544
0.9863525221886096
0.9443676436236984
0.9609622829625069
0.9686870650362692
0.9315500199657324
0.9586091975506476
0.9407764821023072
0.9746005868827912
0.9291976604725792
0.907394677049468
0.987978682865087
0.979459105918243
0.9060975863584486
0.9993538392223416
0.9960576809413654
0.9604495053494008
0.973279573899274
0.9712154485821232
0.9404065356781408
0.9133702729759848
0.9516701583564822
0.910586675130696
0.9307645797076172
0.9309361955829064
0.9581235313940092
1.00212043206548
1.0082117316062884
0.9736972207085772
0.9374958394981158
1.0021664761677345
0.9210027799522892
0.9892185401870016
0.9904143773370232
0.8821655483830462
0.9419068984583298
0.93232277701119
0.9778009843089766
0.9404755770937652
1.0295020991837365
0.9587020722680116
0.9781712231011946
0.9286699557318662
0.9360495930765064
0.9749282700261004
0.9399597935460428
0.9379664877194446
0.8686341870590858
0.988476122530134
0.99303664438253
0.9694937911997552
1.0389728374316642
1.0174630891197345
0.975243319720066
0.959777235717446
0.9456643210627966
0.968781933375204
1.01270485296737
1.0003273455260409
0.8968164617111208
0.93809115573842
0.976479241376806
1.0003295789731803
0.8961384182959016
0.9199057013272012
0.9856717912671026
0.900422234291139
0.923956083289757
0.9668762162900718
0.9478663926624302
0.912731390049828
0.9574342616375152
1.0058567128015088
0.92018519416467
0.9485438602944064
0.8887355567593966
1.0098584462115736
0.9190014159142408
0.93081094539096
0.8984978249239093
0.9361911022014228
0.9738836166941952
0.9006677227238862
0.9186136523272233
0.9757577790681532
0.9941519997151796
0.889513535432078
0.884444948389169
0.9856834807137632
0.9958812056068154
0.9884812810419636
0.9520126850807944
0.9813580406423889
0.973998768022259
0.924733522697113
0.932203726763325
0.9346858015864976
0.8782706478133501
0.9166357467316713
0.9444619621704216
0.9111463212133214
1.0452434166861464
0.9510198574074096
0.9275255902855564
0.9791375845259448
0.9513622680577096
0.9607751139032988
0.989858266800048
0.912096474735611
0.9408488887008764
0.958646464810787
