BTC · Trendline base · 2020-22|1.0123221972076135
0.9424858382008636
0.966904806724069
0.965587606082295
0.9581589897473612
0.9423040407559354
0.956208019060786
1.0205820642055672
0.9359862584881674
0.9759415193714864
0.9850541961856432
0.9891447869064972
0.977580895527206
0.9405718911080456
0.9848986092926346
0.980008009252332
0.9373405924954126
0.9810863286504466
0.9672129430607398
0.957324287291664
0.9778632977456206
0.9622457749390592
0.9849763608896416
0.9248245356576436
0.9951156308982856
0.961764643249522
0.9847983244832008
0.9881308440566408
1.0197042867115198
0.9998148281185292
0.954465641193163
0.9559961967301744
0.9906206740906524
1.014213054742266
0.9631874820180288
0.9565457771193544
0.9634141325225536
1.0059778508102044
0.974889977180671
0.991083192151402
0.9863237473349452
1.029913644195073
0.9481931523061492
1.0611449864535667
0.9819043004123073
1.059296759194272
0.918985622541293
0.9934126196603752
0.9513377471724286
1.009618605587015
0.9743866665128118
0.9494867464933564
0.9438517141736332
0.974753382464087
0.98088285344102
0.980336032874906
1.0703824873232255
0.9817861108771108
1.0017985999932997
0.9771251327741458
0.9480170050049016
0.9974209644910622
1.0199777363697171
0.9794300650779508
0.9370997513384892
0.9886348260625398
0.9880274421153988
0.9739068434430522
1.002666822063398
0.89926188833135
1.0238685164869463
0.9770457638721104
0.9511649531953306
1.003849694180008
1.018984317630715
0.9786531002383148
0.9652797577043282
0.960657162602514
0.9442990638930266
1.0074140947177943
0.9593426420622184
1.0079088232733024
0.961139641108836
0.9850500434730952
1.0135111513346755
0.934141021949814
0.9825226726331776
0.9842900244060928
0.9496615297870148
0.9841292336087376
1.0030913913287236
0.9661767677069616
0.9847119937281
0.9661055043206136
0.9534968259423644
0.944579762817672
0.926603951083355
0.9751644063525808
0.9789613206095782
0.960685668648562
0.8720772743280497
0.991311036473752
0.91072849903204
0.9548298731740452
0.9434057769604428
0.964865765323318
0.9620735269349976
1.0048892473607758
0.9684935919766876
1.0317814963341363
0.9842435543184552
0.9991091488706718
0.974456392562306
0.9774567650763664
1.0069594030954083
1.0109279039140615
1.031680475364264
1.0332907873343735
1.0142085124938645
0.9913327991923396
0.9464854602215476
0.99205454816811
0.9380404407635956
0.9791784724466984
1.0083702715459582
0.9746703479987876
0.9769910939698266
0.9870799401510872
0.9660875120444424
0.9805992867973716
0.979324800858622
0.9542418917593952
0.9703655722204942
1.0287862930374008
0.9726498435823135
0.9223810327367168
0.9567017527243404
0.9726120567434232
0.9462423057822776
1.0060223895140674
0.9547311220755068
0.956877565440962
0.958466378884418
0.9737545473646224
1.0102302256185829
1.0160375764535838
0.9217328763964217
0.9966480770384654
1.0510482844741211
0.9830009078763104
1.010781695447807
1.001365433683832
0.961384324459168
0.98950564111845
0.9514092567942712
0.954288321311492
0.9642868028740862
0.9578222584147688
0.9757674823822736
0.962824732640617
0.9421113897873974
0.9684070134321008
0.9456480998128316
0.9502020700742606
1.015068043807557
0.9785576552012863
1.0153761788408924
0.972676129389461
0.912401129493156
1.0519241910589114
0.9675125217012164
0.9329078240035787
1.0021715604217725
0.9388133132319514
1.065841150564946
0.9952816265813768
0.945374246923138
0.9889192494423475
0.9602081193144688
0.9635530342823794
0.940410012145959
0.9521118561494591
0.9776161986870732
0.9685136988413948
0.955687824187931
0.9499370839432492
0.9799369864155356
0.9852551566003114
0.9937574120516776
1.0605862424016437
0.9948336678341548
1.010951304504911
0.98447806352743
0.9784673773588952
1.0088335678429077
0.9840094466880076
0.9939282982081628
0.98729240195927
0.9719789739886152
0.971063437548844
0.9684200326086588
0.9733617908434516
1.003382941852149
0.974232901930398
0.9438675101592656
0.9805734708531334
1.0171667272432996
0.9616766074071004
0.9996356797763268
0.945960542488096
0.95278727999233
0.9582048711387916
0.9539246572014934
0.9728962858267732
1.0025297482962354
0.9422733837310896
1.0023720932793565
1.0049613791663292
1.0286319556990513
0.9343540408461464
0.9394988647493796
1.0196334718296285
0.9561591481339052
0.9927967481020492
0.9465543504045016
1.002262302045129
1.0256243348905316
0.9217159499083708
0.9376098589946202
0.9321273494797682
1.021710987771897
1.0070761530742216
0.9534913351612542
0.9439702536216912
0.9384940333695518
0.9686771668969704
0.9269900610523368
0.9571719492684472
0.9780561746517228
1.002917734946968
0.9581143315907716
0.9558843114942576
0.9770972319631588
0.9692202086092244
1.021856025833836
0.957733457528402
1.0099546433820257
0.9597180929769896
0.9799633951928884
0.9965451604881252
0.983721587693238
0.923756887786611
0.9749048992161912
1.0222301906794486
0.9697243895974936
1.003515671647997
0.9610286197561898
0.9859588222796808
0.9877152175735916
0.999654018322556
0.9524374996079372
0.9767525462926278
1.0244365081003768
0.9940204763561336
0.8994214570334296
0.9584699403657926
1.0063407619898803
0.9304924958954726
0.9530937401955104
0.927499356495754
1.0068215227372272
0.9484240379059948
0.9175295589088598
1.0594885200844706
0.97962963409892
0.9761287167863996
1.0322043896401278
0.9899983418114012
0.958020991206012
0.9718922086193824
1.023126001598773
0.941778656359616
0.9756336052185296
0.984594033953989
0.9775802880187668
0.9368610775130826
0.95573681368317
0.9553544180241718
0.9571411302912396
0.9224393767260992
1.0044905001018845
0.937217511487663
0.9782272689026634
0.935094579345046
0.956945812521085
0.9929926714383432
0.966630727866392
0.9435312294842276
1.0184882103853414
0.9602917956003116
1.0081176711951196
0.9675194572728903
1.0050264965399296
0.9955789320438226
1.0374939963792065
0.9940587750182536
1.0182279133707342
0.9968115642258916
0.979326105469082
0.991442063990328
1.0101426653374954
1.0093290124336634
0.9507766109670576
0.9904639561950606
1.0208130131707374
0.9954495455458292
1.0203093754894663
0.9208496293489116
0.945415293346868
0.9625818225325272
0.9299079716081512
0.9551072212991512
0.9705168575867524
0.9791282132248088
0.9530022577154196
0.9595357961890169
0.9931979739416652
0.9641027660384152
0.987331536211336
0.9982955798434846
1.022933670139585
0.9571582986595304
0.9956301644371788
0.9857904590750493
0.9898126102206116
1.0446676545416254
1.057405899621771
0.9523879978864576
1.0333407572286006
0.9908262890028056
0.9735908408765328
0.9834783951667156
0.9838820073621204
0.950948941376765
1.0059557349246575
0.9723464201709971
0.9117642279873766
0.968661248619338
0.9779306958068544
0.9725331280393208
0.97039837780173
0.9993216427525008
1.0437266952745623
0.954591362120126
1.0328410317740788
1.0104820184552794
0.947593291543014
0.989511724908014
1.0133030672622654
0.9444380488486784
0.9939902871480464
0.9726679074433228
0.9626207552740952
0.969789452607098
1.0239914052967387
0.9978073169886302
0.9893669242315508
0.920114623259186
0.9960697371816676
0.9849960643464072
0.980839168797123
0.9876839236979558
0.9361820585684426
0.9498340644783332
0.959136603732879
0.9390278630970488
1.0098501774585005
0.9691824844911908
0.9263086437737316
0.9515139305589406
0.976727866852569
0.9452685767633524
0.9824275119679452
0.9967506214608476
0.9718676705338856
1.0133313714583
0.9973494283977408
0.9487469700149328
0.924805076297292
0.9506313788548432
0.9776819379813436
0.9302002252155044
1.0440099418486948
0.9613224107432884
0.9801465501003104
0.9244633396243662
0.9461800531425968
0.9623287269843284
0.9585521628803458
0.9789037228869972
0.9899326141871234
0.9801238217257624
0.966995740261533
1.0420274331271104
0.9909979219122094
0.9799825965370248
1.0000815829666378
0.9615350182343766
0.9592636187799864
0.9739331813377884
0.9435968405458984
0.9710793495901264
0.9554296833719126
0.98361478784743
0.9920792926870016
0.9880132600810198
0.9864710410249196
0.9173466179366214
0.9722038092645174
0.9989535266586288
1.010301051198017
1.0149855807887709
0.9437417641676316
0.915645888907622
0.9594440275614852
1.0659900300609586
0.9439757669369347
1.0016803273599155
0.9307233546475931
1.0125591347832137
0.906649073955436
0.9232722771316882
0.9661934474346298
0.996209164943389
1.0015921775181968
0.9466941873358422
0.9230744597533316
0.996917223471313
0.991218663795664
0.92148821821693
0.967315265143144
0.9725985282945876
1.0029423612599395
1.002152512942473
1.009056729053061
0.9871822331648966
0.972685239529888
0.9714480302975984
0.9695028325093574
0.9470615866005284
0.9613106845217926
1.0334482737056707
1.0001009380535786
0.930506030657619
0.9680864011180782
0.9254366883688744
0.9886900443361748
0.9366763487313446
1.0159514272745658
0.9303781855605814
0.9444955197617138
0.9545482755553566
0.9880915817875618
0.9953489112955972
0.993290667455331
0.9819716039773722
1.0182941778391084
0.9738843566331472
1.008937722908308
1.044553808949749
0.9960963789044543
0.981671960702302
0.9695240786099192
1.0393855082808063
0.9847016151832434
0.9950343747128498
0.8807088809472537
0.9980915883640534
0.9182060715700724
0.9962456722084057
0.9972901321824156
0.9866821445896948
0.9848360065656068
0.935259862078642
0.9496264052437824
0.9977070238884278
0.9212757638454716
0.997873151213901
0.9473663937822808
0.9557047069972284
0.9703623889710308
0.9328031125693068
0.9677164928193432
0.931583966491816
1.010134738218036
0.928289473475591
0.9604131893603908
0.9351603751959884
0.941879231840474
0.9723136616201772
0.995607935212128
0.9786350513778193
0.979169175179567
0.9864768044590128
0.9370454976861168
0.9704819753305554
1.0230811232842656
0.9505226827420056
0.934023501831596
0.9458708639523322
1.0456689988217795
1.0018878729283334
0.9243196345725334
0.9624900930205932
0.9533648007607364
0.9838514530158444
0.9865931949492645
0.9796428049447024
1.0397022500740034
1.0365872087421026
0.9344108695857696
0.9388343495883116
0.9748614001781556
0.9436175142711004
0.9279512972439738
0.9357071769837676
1.0180014923229572
0.9584152629074172
1.012589828482665
0.9406354284469218
0.9501602751766756
0.9490587842003416
0.9795608641399468
0.9758164291431712
0.9753907929196431
0.9762204962363804
1.0035781409773403
0.9761042846249766
1.00254891949061
0.9917146806080324
1.0089289761183884
0.97937420998544
1.007589019562648
0.953085288385576
1.0255959568999349
0.9569140322206688
0.9655996410435204
0.9652288335250506
0.9419202066396484
0.9911019582304764
0.946209612757031
0.9751564347858048
1.0462807975777657
0.9473787402579564
0.9902926482852984
0.9890934484573134
1.0075025184345276
0.982978041504816
0.9163686626390398
0.9914493915002934
0.9529030523974285
0.9480075179431116
0.9447130480149606
0.9974544636123254
0.9892011457556784
0.9461190914233312
0.9489826925746074
0.9922765445318829
0.92902477087362
0.928520469188921
0.97764723339335
0.9828385479673272
0.9568148143222828
0.994488822114763
0.9868230106559114
1.0586176771707692
0.9478671930324154
0.922618381042975
0.927309892377339
0.9575518415528864
0.9827437906695604
0.9769329693547988
0.9639412273517112
1.000152386958055
0.9891713800019084
1.0375513252308683
1.0057211230396834
0.9909106741283114
1.0514945607748591
0.9643399972434492
1.044090601282189
0.982005891710562
0.9931102631842648
0.9226116734761376
0.9846345558216822
0.9450756620987808
1.0131087884040582
1.0240238302387017
0.9678886827876082
0.9695937978995725
1.0051286873700171
1.0164965850598169
0.9549901302429742
0.9774547042226206
0.9596170743663212
0.9755370257246972
0.9635773449327528
0.9443930638374926
1.013520212210675
0.9508286240759148
0.9983526368924652
0.9897425477858898
0.9371597807174962
0.969150490468182
0.9788210746193424
0.9488025275953196
0.9732558108603035
0.9706486912910834
0.9135186980615746
1.0078003450291368
0.9703663919567111
0.9497829709023756
0.9948940285924472
0.943473013303076
0.9204629579542352
0.9550541571076322
1.0197819867824738
0.9839605722006716
0.9924423213769064
0.9971407105708516
0.9487395527347314
0.9383983953841352
1.029552361301492
0.9549476732357166
0.9092146660694088
0.9692455749244754
0.9844246907904186
0.9323490877011976
1.0275257850336907
1.0040186749936248
0.970164426445442
0.9966295800015894
0.989910548454822
0.9678645243311936
0.9695381687770104
1.0124099490584395
0.9670648482941548
0.9736970168259242
0.9359066074597806
1.011448119538562
0.992507973892337
0.9762820543291902
0.9340308075943096
0.9998847907982812
0.922181866826841
0.9513179963211752
0.9533716457429798
1.0158507179759424
1.0176884517170417
0.9933944912886264
0.969045075374936
0.9820214237866516
0.9343981890203906
0.9333145038162276
0.9603507370279096
0.9628651519296
0.9898857466788736
1.0336300881395029
0.933579172129645
1.0200269099945647
0.9683728445916442
0.9494865894320464
0.9806407213724946
1.0254629158670394
0.9428426395171452
1.0064263909988835
1.0290060263599494
1.0035046465570387
0.9339435262475756
1.010090935322454
0.9629080032524554
0.9667928265332336
0.9426219520667808
0.9314872293064516
0.98871138695767
0.946954836758966
0.9589266525784738
0.9991082830938752
0.9681612449443268
1.00319247120386
0.9497754608478424
1.0269859690580525
1.0048078451474367
0.955110345522598
1.0064092108315117
0.956969450649846
0.9699860966155808
0.9793389205322944
0.9661257839503962
0.949881712757666
0.9314193227773268
0.9631072253717552
0.9497317618649516
0.9323266799375488
0.944459088057721
1.014765224056059
0.9533921494905008
0.9005583718614014
0.928550608932542
0.9730856905198624
1.00649734718297
0.9382606886012558
0.9541579187748734
0.959126178440636
0.9772157380756132
1.013694824759289
1.0283657542970783
0.9833855072291312
0.9254350886836143
0.9430912534323264
1.001776038080289
0.9713853375318208
0.959794205990362
0.966924023648036
0.9661626110739016
0.9556165884134996
0.933101844143578
0.9893779093702114
0.9251306450720836
1.008306244331808
0.9727667382434152
0.9682255818577422
1.0202747307005158
0.9619909244551564
0.9656085399855296
0.9714294944442832
1.0243369958575663
0.923449644136646
0.9984987967626264
0.914282464291744
1.0049290355772458
0.9993021851904308
0.9376285612099472
0.967229766453832
0.9649848621130394
0.9368702770703548
1.0019568253451656
1.0028602546214738
0.9451491001965644
0.9386086720012138
0.9655017430654425
0.9266936686159432
0.99291187566728
0.9549114421025888
0.9751487996792958
0.9862966712423552
0.9351066774834698
1.0110261707478307
0.9673120400062656
1.006709334078392
0.953531559687402
1.0196695892022538
0.9805618386595908
0.956544700275678
0.9436295805462092
0.981359140092768
1.0447265728070838
0.972304928280473
0.9358437535103404
1.0021136630611438
0.9699498620094794
0.9244937831657436
0.9911620351937488
0.9735052115773262
0.9920585019055244
0.9374368129347582
0.9559782350594525
1.0037398342472028
0.9781337297571464
0.9561020136650412
0.9703360666527988
0.93422599990416
0.9199613517606142
0.994900626036753
0.9469972838957144
0.9674140517612074
1.0169408417994992
0.9738938363583646
0.93760452680575
0.9648630221078276
0.9918008100317914
0.9510661922658724
0.9672983903570994
0.9420058926134977
1.036037466169341
0.9835225549444068
1.0181789387692055
1.0135075412299182
0.9437271380722896
0.9771289550509776
0.9418939522146906
1.012229498569259
1.0030285812373447
1.004897961051694
0.9626806720926144
0.9495127440903184
0.9361615358210724
0.9371335997735788
0.9603755889904814
0.9824064729078592
0.9382450934174836
0.9766613229079544
0.9711091815556404
0.9999227631176985
0.9450926771396524
0.9772767235252272
0.9174236466876196
0.9929980255593734
1.004108955517772
0.9340732345193862
1.0217927464360113
0.9633137879482416
0.9993689797055691
0.9670927901407034
1.017404819584781
0.93752179975757
1.02061383262709
0.9569850535934952
0.9887090240783374
0.9749102809633666
1.0264508137437784
0.9605360251261972
1.0126560617394365
0.9818825767593174
0.9431796909751722
1.004397101265562
0.9647581684091892
0.96357531896517
1.028037804795223
0.9888738548660384
0.9693934037044328
1.0260434650945285
0.9801861183627676
0.9712518975479646
0.9408047929784492
0.8830146821879252
0.9783741947185328
1.0113802972967778
1.0247457362436387
1.005684255926329
0.928824247874725
0.9671291254888666
0.950896678643271
0.9283966012576376
0.9600579782225902
0.981814248701895
0.9477110489143324
0.9924179193317172
1.0092158334360974
0.9517004140811796
0.9839723637022514
0.9355665226434062
0.9772109544538398
1.03252429508342
0.975274149419378
0.9465242811200276
0.963138030384952
0.9902513026763232
0.9668880882696248
0.9599000098332326
0.9791647235379316
0.9046469402571828
1.007704714505652
0.9460309176104944
0.9679210851077272
0.9324369277448512
1.004605405666913
0.9816335264385216
1.0021353878786876
0.9528084831672944
0.9879933253277964
0.9830286922153336
0.9357690527031068
0.929183325435412
0.9704033149790686
0.9604419200295764
0.984394331156981
0.9986963828677528
0.9799315275564155
0.9883181129839262
1.0179797712846983
0.964330343881619
0.9889352949102044
0.9852661752103014
1.0084003489096656
0.9333386171357796
0.9665893025299503
0.9650790744928684
0.9762227212593576
0.9783647565073572
1.0122316339714916
1.013829478963041
1.0088874259239842
0.9805594645218628
0.98185490571512
0.9618021672671372
0.9672296163403784
0.9830282720133852
1.0285612017043106
0.9581459866205204
1.0006655076317397
0.9081296257581518
1.0829059995266217
0.9273877133964432
1.0008784405760636
0.945647744374809
0.9905656582586854
0.970861320855342
0.9864348155449774
0.980215360958702
0.941060608325166
0.9674274552558888
1.0157826797658225
0.9809725879802283
0.9732232580246706
1.0452219996456866
0.9511543921179214
0.9505768116198228
0.9402129559337674
0.9639059038819688
0.9848081358363688
0.9973518824224642
0.9558377085967849
1.013737800597374
0.910883755042302
1.0157480525416345
0.9451628430662048
0.9759896019088972
0.9233828463618148
1.0133316606434035
1.0003884664689902
0.9095364561548538
0.9449660181911552
0.9950084631284376
0.9480059881807354
0.9879580858889396
0.955658749313043
0.9371306161765706
0.9484514085528176
1.0441607829539268
0.9215678860092812
1.0084098154421683
0.9611891565622912
0.9875327242095016
0.982973905514833
0.9634536815831656
0.934124257582998
1.0134299057760952
0.9608908974531748
0.9973594908586748
0.9997654874789412
0.9562046802872802
0.9938597677754768
0.9798946467715544
0.966030870411856
0.9805719824794672
1.0100709834862085
0.9363460513154068
1.0043895541884331
0.9545345363923534
1.0244740794389615
0.9442804109304312
0.9322933467272608
0.9686259434745844
0.9660073535026964
0.927234176642808
0.9522988262522012
0.9430639653967748
0.9459266086819242
1.0178429847848616
0.8864637474514446
0.9762351977424418
0.9936190659743146
0.9557800520053
0.974953196118932
0.976785207735452
1.0047152276500824
0.9541034129868124
0.9639298565306904
0.9811377854698504
0.9291945620853608
0.9646078699807
0.9694723019886278
0.9611060258802624
0.970494713734589
0.9933992128475344
1.0010369848119205
0.9932839961599496
0.9574925834584652
0.9695492611777432
