BTC · Trendline base · post-pub 2023+|1.01150532378843
0.9309226841753864
0.9997212241362764
1.0101575003809522
1.0254699731696062
0.9922373204548336
0.994128722538492
1.0189079480755985
0.9497671899122015
0.9500494065799
1.005764267293158
0.947389162577992
0.9354976616884842
0.984467446815149
0.9909625007635924
0.9895842189954688
0.9630020882460856
1.0010330539973462
0.9637792240772776
0.9922996454446816
0.9488583783046564
0.9957375698484922
0.9463402472644948
0.948224525648766
0.979979602339174
1.0193592143583077
0.9402737442909872
0.985928264343316
0.9752218172216572
1.0312995337176296
0.9202183045973948
0.9506520472370434
0.9561164805436756
0.9350381782055586
1.0030711821547558
0.984287708292416
0.9425479813179388
0.9751933787339526
0.9566591207656416
0.9683890150500344
0.981892194158614
1.0017981472853477
0.973662189973678
0.9593191062822612
0.9765426128050824
0.9671357783970574
0.9746683278705242
0.945076236628578
0.9605256310421622
0.9566661650141262
0.951486779052934
0.9998137923007469
1.00769174298257
0.9346469618775932
0.9415410730361088
0.9637183903174994
0.9703339338566904
0.977405765651846
1.0041068330674858
0.9336828758905223
0.9600066534855152
0.9758918984476336
0.9642237007721424
0.9620916636897024
1.004568957019135
0.9891655505795852
0.9614497992306398
0.9676797429916932
0.9658290781735026
0.9619575324546146
1.007454857562171
1.023504808252775
0.9688686254587454
0.9549773670211192
1.0243210314954891
0.981232423589116
0.9434033278564744
0.9710978147198436
0.9418081621704136
0.9716021912936544
0.9582418043855044
0.9718338315043608
0.9337986419087784
0.9393911068882306
0.926134490427668
0.9895226994265212
0.9715668281894176
0.959092117747479
1.0061020438640398
0.9891320311992108
0.949553555864774
0.9815071943653796
0.9703735380101832
0.9634785517031412
1.0221874880923998
0.997620319438555
0.943921500545982
1.029427410042326
1.0156144903236195
0.9747649215334306
0.9411747423090056
0.9682107471964172
0.9587282137175868
0.9261327460488072
0.9970055429996452
1.0222211143473727
1.0116929840452902
0.942616217122281
1.0001329972110735
0.9676433708383242
0.9727172705742044
0.9752693219536892
1.0055167129019036
0.9555199045820711
0.9729951135587358
1.0023334300512703
0.946224918470161
0.9802233141804882
0.9677216338607856
0.9531903776071176
1.0141591418811555
0.976631794796186
0.9715340018416708
0.921065566934918
0.9656454849453864
0.9578152216906678
0.9663653251186112
0.9711268618774876
0.9749542327564228
0.950724461964765
1.00775634882382
0.9558423535592192
0.9611577113261052
1.0101148351962723
0.950099471610826
0.975222862746167
0.9575647799131994
0.984282373306653
0.9398409481124164
0.969154333532676
0.9573961537836382
0.9287852953916196
0.9189136144994604
0.9489751214374889
1.0044387738641654
0.9557896576278924
1.0195416902367027
0.9672379590648048
0.9408047795854664
1.0139737147680814
0.9649630707156166
0.9604119692846744
0.9376049853744676
1.0009334732031108
0.9859828150456572
0.9973350836141603
0.9556519075490646
0.9854048676372564
0.9415153505441642
0.9124110173034652
0.9619888182749888
0.9908844906809372
0.9486149134960452
0.9724134851694046
0.9743231396926072
0.989184343110454
0.9447467622115028
0.9827696861979144
0.9546084176097612
0.974297750231208
0.9417993480042082
0.9528537328183088
1.0311813119286957
0.959355893017904
0.9274800843170108
0.96333356303672
1.0182590789133574
0.9670015948140058
0.9370328139347556
0.9747364506981682
0.981203209296332
0.9054499123990432
0.9429191380823848
0.9551156162027667
0.9980544399923396
0.9781002361885688
0.9963525410400776
0.9658761258936736
0.9695466444682656
0.9670362404425522
0.9234122502201824
0.9137427695248096
0.9711212254230124
0.9600021897143336
0.9702885661197792
0.9481203580366232
0.9875362288149232
0.9608084741626278
0.9575300526516416
0.9995889140155052
0.9771817561578114
0.942683725280294
0.9665228381327444
1.0149334619667685
0.9659856124696554
0.9581163802587276
0.9776650426454238
0.9987047925104858
0.9724159892888328
0.969741448125782
0.963311765629618
0.9330418504151988
0.9931211037175778
0.9797749040177528
0.9528803730679988
0.953143773419029
0.9388650470524476
0.9768423782374248
1.0034915031304965
1.052914610253974
0.9488542251724792
0.9941852198467498
0.9659738792984014
0.9609719022482442
1.0322708643754088
0.9278934639301832
0.992723310370283
0.9817994605528956
1.0172417494696715
0.9423901781726296
0.9825420956345884
1.0349034692662606
0.9694845343918672
1.0243759464614688
0.9924608150549576
0.96582031904278
0.9329194853132712
0.9848056189815344
0.9169487274114712
0.989213263700834
0.9894222538059106
0.91577899808802
1.0140779687142731
0.9454027840074972
1.0227885438918909
0.95941932478858
0.9626437821786844
0.943405953291735
0.9789512147352816
0.9912827290658076
0.9856636287501715
0.943632020096302
0.9819900581372998
1.0026044797945155
0.931692257874392
1.0062698167579467
0.9619455129617902
0.9690004723504948
0.9823295554435764
1.0154881858027844
0.9662030429708872
0.945830637278508
1.0114134030717457
0.9115522392356844
0.9723025132545224
0.991636307894975
0.9483557270014236
0.9571673773266838
0.9543976200225956
0.9658404108378936
0.97013445329677
0.9327256078025372
1.01682721902025
0.9939215796923726
1.0126657175394
0.9556542821106944
0.9323942126261286
0.954933791794876
1.0088219872292534
1.0137829994392005
0.953818501245424
0.994126780041762
0.977949270418648
0.9491737170784637
0.9618052444264978
0.9878924311269688
0.9538939090222588
0.9448315315276536
0.9480383888860516
1.0104087972050626
0.9658757812231624
0.9710865931691194
0.9933775410188908
0.9840038439295392
0.9595772200699128
0.9541631429948474
0.9770249427967804
1.0214059059096685
0.9531518028036016
0.9789183430935232
0.9828645887119496
0.9615920628293164
0.9962193197484736
0.9466946554263264
1.0166373056117806
0.9549959634500615
0.9514999419952502
0.941551204906278
0.9822123339727894
0.9454268500324794
1.0004341956207756
0.9533502023460964
0.9689073685292114
0.9395362024536226
0.988338693021502
0.9279650519183688
0.9812692897435936
0.99730972414946
0.9896738263737188
1.0418647567362416
0.9736407808312068
0.9816000569942536
0.9819943663187006
0.9522551552866038
0.9520046908948296
0.9371905713680642
1.0056423087944115
0.9657920165322362
0.9441252661508602
0.9884271255497762
0.9863502109139282
1.0000078425217636
0.9403322082710548
0.9230757730353816
0.9349878063064802
1.0118096778432593
1.001939535482849
0.9556579636909182
0.956839880476684
1.0369116048118714
0.9549293996931336
0.9846200065774314
0.9683907721593048
0.9648862334109308
1.002925122702186
0.9833904792768416
0.9720701213630673
0.9737759170619518
0.983086650893516
0.9780025675896612
0.9364472480635424
0.9498005697318368
0.9785665966138156
0.954942252826682
1.0150019339325955
0.9845695306342512
0.9357325816090188
0.9960968928212302
0.9427527090555176
0.9317586453647992
0.9597207740649276
0.9081669762009642
0.9444600266123492
0.9986419749851108
1.0043728361719744
0.9173616162975274
0.9649389884355596
1.0091890359181763
0.9443928802318998
0.9713178064421608
0.9440644301380884
0.961538461959629
0.987403683207354
0.9475163061686676
1.015426048512175
0.9734681598535952
0.98964871358983
0.9652885205561454
1.0163949873155105
0.9470257106928368
0.9895345109395892
0.9887849616745626
0.9564777082549472
0.9496936938177072
0.9859557903740006
0.9893152192191552
0.9665171684371924
0.9132190752977356
0.9473435038184314
1.0109585579842155
0.950695747796989
1.0168054054479747
0.9676391533720202
0.9821989703587964
0.9816625364482126
0.9671288127060956
1.0035033989952462
0.9833712694862256
0.9383258348094567
1.0009354243324575
0.9883445464635668
0.9631048935322848
0.9581608067606874
0.9583945517485204
0.9323440165489564
0.9897133588314572
1.0175340415669714
0.9742937920264324
0.9243914363151156
0.9283066223221514
0.9506480009410914
0.9959316651937872
0.971256511406783
0.9852715181496606
0.9797886342171108
0.9487245770494313
0.976409631390697
0.9836475599870692
0.9812338232998556
0.9704498206861988
0.9567264030086544
0.9298105905806604
0.9777576003120952
0.9515748815275068
0.9246209087555816
0.9925477980344592
0.9648959914148254
1.0080355285107905
0.9584775684199602
0.9536176177153786
0.9555720331478718
0.9660987542102448
1.0009379634135835
0.94887462055375
0.9278990654292352
0.9903916015281332
0.9948908342289966
0.9910975043866556
0.9752140834513884
0.969807579181104
1.0059612602931134
0.953517047996748
0.982730077105492
0.9202607973342948
0.9679480405785232
0.9911029415284682
0.975299273192515
0.9697340945911528
0.95126704686311
0.9458638154494152
0.9813682902718924
0.9808776144572244
0.9572313738869672
0.965751808625426
0.9514803765085924
0.9851006617011444
0.9496812528588006
0.9694827372799004
0.9774499855717932
0.9651139483722264
0.9670414824662744
0.9426199134660164
0.9892192582855428
0.9729947195993136
0.9483252696165962
0.9875198993321008
1.0209349339594036
0.9992153458517788
0.968841657124987
0.9917134306520794
0.9639575130019338
0.993071536191258
0.9775691579479652
0.9639060619674548
0.9618745225762192
0.9489849346576512
0.9783103949382436
0.9892358690213032
0.9266893096247376
0.9662371449293642
0.9620867610589448
0.969822118813192
0.9650814152590186
0.979423248792034
0.9989157346745614
0.983177901481896
0.9722004287649544
0.9627629070553672
0.9843904005108376
1.0172518943559008
0.9689996845192976
0.9808081533730698
0.9730233557832828
0.9746271726735498
0.9174867708630212
0.9864983719599132
0.9716765034315666
0.9905136230164132
0.9378951147032456
0.9213846800985144
0.9989886133837996
0.9788594643646396
0.9633095788497488
0.9384633645538504
0.9736230797135416
0.9476239605790752
0.9899065005686828
0.954240717409898
0.9797970835669052
0.9901135829409894
0.9103300246115938
0.9761049041547734
0.993017265387207
0.9639519099161976
0.9850194426990928
0.9557124963008218
0.9613891954472524
0.9491337450325628
0.9380430895394352
0.9949459678928244
0.9343147896256152
0.9215398390961926
0.982070305297308
0.9805374885477326
1.0297706157713007
0.9339228094705548
1.0296053457391685
0.9839764984591644
0.9838870373026052
0.9410163767483516
0.9738300458449692
1.0215195292155503
0.9524524880806368
0.9916070153818562
0.9611018647241696
0.9155145353181046
0.921081014941016
0.979830012921424
0.9873200829683242
0.9319687141043403
0.9242347632833297
1.013392104723518
0.99501160296084
0.9925858606146666
0.9856042148193984
0.9898060708780412
0.994834050002934
0.9496827038877244
0.9914447660866
0.999874880853066
0.9340552716694148
0.9653667670561514
0.9647320580899296
0.9800476718712544
0.9752609254175324
0.9969372627136032
0.9518681201871066
0.9450637421841052
1.0049343947907778
0.9454817348336708
0.9985413855175196
0.9259039174463142
0.9488914487489628
0.9469557072135916
1.013741546957285
0.977041495861514
0.9307098692027852
0.9277318506901602
0.9817916636331304
0.9661162060124155
0.981119943136342
1.012693357641349
0.9483730844930852
0.9741718000875176
0.973014294194304
0.9730125459356712
0.9784695912930657
0.9893242682647394
1.0130200836669083
0.9917482269347724
0.9810175563356516
0.9602722018936422
0.9334361750090688
0.9571647979069248
1.0113646677611965
0.970195179424727
0.953323755186942
0.921579456052708
0.962667846462145
0.9464463393571372
0.9641601591724644
0.9677116412929528
0.9863699282815516
0.96957379222474
0.992356709131348
0.9619632767747164
0.996478285115338
0.9447034703342247
0.98799129548773
0.990899955756236
0.9314438731006668
1.0216403173125346
0.9555690286089488
0.9659784671702196
0.9610458925646608
0.9525153335970232
0.945906863064511
0.9602440199314024
0.9624517240074144
0.9713053286013602
0.9721512213092304
0.9770267513081508
1.0006377445925672
0.9538402653633536
1.0052947470389406
0.9682365686140076
0.9834493082327028
1.026117713570582
0.9879882819040398
0.9882110611709436
0.966938470105707
0.9317533011695122
1.010775894220597
0.9784620677863042
0.950811771829002
0.9583631738356044
0.9656137694530562
0.9730112128345232
1.0113968349570075
0.956488790386192
0.944663393806498
0.970515633127343
0.9667893945740028
0.979020351958664
0.9715204087792926
0.961824211943882
0.9347814773390252
0.9618894833724416
0.9285598874191192
0.9497758028574071
0.991449114369968
0.9643724178603256
0.981767879189238
0.978218800668622
0.9509572009515912
0.9765488421648568
0.9699856776629372
0.9718309323328608
0.9846702438156282
0.929497123217666
0.9787123582789318
1.0169688524685048
0.9683795767078216
0.930191663441688
0.9484337917991366
1.0048688613038046
0.9808430602762548
0.9766119709822696
0.98141389063382
0.9988642328373576
0.9529813217459964
0.92583899395214
0.9711181127943064
0.9536276918275643
0.9661583019240308
0.9751505082759566
0.9769960190087574
0.9867186313771498
0.9842810876180428
0.9499959430333236
0.975332946569179
0.9657864493534766
0.9963405878249444
0.9633377231547549
0.9566011626485452
0.9469930143203248
0.9897424767153764
0.9677572406503512
0.9691414978347572
0.9796177644166786
0.9956236570551784
0.9891675220775904
1.0186347000554834
0.9293506611337468
0.968212662788467
0.9523699358582102
1.0248842392034982
0.9541082830752348
0.9363181235939372
0.9663183728519156
0.9823796021311534
0.970506940261002
1.0147763300041883
0.942997163991279
0.9612087977291024
0.9737217462680148
0.9573998197408028
0.955341370749317
0.9670995595634304
0.986825608908346
1.0231874987401766
0.9675332120930208
1.0015070687191547
0.9812896486920478
0.9498735264303336
0.9469065102480928
0.9542547497341624
1.0077112926067957
0.9804237829662816
1.0058940330324198
0.9815568081850752
0.962466426613656
0.9598484817711542
0.9547924453084848
0.9681165423101612
0.9756548810200188
0.9787933671511474
0.955450076169016
1.0099662150747195
0.981676383167223
0.9749554600798828
0.9722690617235258
0.9548631330577194
1.0014671978785392
0.9588263282260768
0.9472057731514868
0.98631639326835
0.9838631758153747
0.9665485209611868
0.9972042988997236
1.0015246061368428
0.9548928691350314
1.018355866231058
1.0211169290713813
0.9770106912140188
0.9736963467166794
1.0106975933286293
0.9347141636866468
0.992426034821072
0.9556646568937665
0.9820238638387732
0.9550069941537525
0.9273350620109329
0.918184745628267
0.9436188825401725
0.957334165383775
0.9715526344272386
0.9992546558208936
0.9713250896142408
0.9946015158300412
0.976749768386758
0.9682492831614607
0.9478265026453682
0.9508887692065684
1.046285893554863
1.016385639909256
1.0117427449707417
0.9403672760516129
0.9501253557600636
0.9902398116587046
0.9698301735645886
0.9800020364940756
1.0064315637395396
0.9484065725773284
0.9605088166405455
0.9537548718889642
0.99306694318978
0.9613812250657152
0.9609523317335262
0.9710732895932306
0.9932872357075082
0.9585317995932024
0.943175122656028
0.9618646176957778
0.9120658750927436
0.9830791067527762
0.9498205199023628
0.994726283490984
0.9800642438598024
0.9050773545123773
0.9448443621165457
0.940066920848026
0.9358896730726112
1.0034725722375477
0.97353047672306
0.9903058895278668
0.9735102144585962
1.0107734717951475
0.9840423107404548
1.0210280967209957
0.9636484343169612
0.9712379856215444
0.9358375576346766
0.9606638074057232
0.997907389210151
1.0054170172560062
0.9738908111159144
1.005089678545787
1.0159867224346593
0.970322306117078
1.0030395773648686
0.9624615118749528
0.956551780859193
0.989458440377086
0.9520593144050896
0.9600186326959896
0.9959015852549696
0.974034175029957
0.9450367197941216
0.972826013577877
0.9577976142515346
0.9262572660522324
0.9981502227016626
0.984211844135598
0.9599208402762278
0.9942246095507816
1.0059460975518202
0.9795453483295748
0.9822122929944234
0.9541500782497496
0.944750661826212
1.0019404054613832
0.9600895716366428
0.9796943834783204
0.9446000980721336
0.9271638162136971
0.938400767569262
0.9545839631308448
1.0170139001936171
1.0081357924663834
0.9548085173465056
0.9777446905272924
0.9561750819740096
0.9501227849055468
0.9947148638311852
0.9410545369219137
0.9670753454505896
0.98792879601913
0.938337579709627
1.0157464143628896
0.9380740870183146
0.9787995698966432
0.973996852490754
0.968351892750582
0.9414960919871492
0.946705413120362
0.9640083806517286
0.9748998376343696
0.965410936042464
0.9716554406572392
0.9759653138811344
0.9704475365399676
0.9144495777729182
0.9911447034000584
0.9693284004539746
0.984339932791718
0.9737803166903936
1.0143343818908788
0.95360501634671
0.947351374575518
0.9564637322354972
1.05142129912799
0.9748860397584866
0.9737613410581868
0.9211050229589668
0.9305908913062414
0.9419782301770528
0.9519398848712252
0.9529013633157452
0.9579290687190256
0.98884336216457
0.952723177589422
0.9410227137740816
0.9907094879827172
0.974741515453692
1.0177409100327663
0.9601083891772044
0.9472744940208446
0.9804091743363644
1.013136381808663
1.0039962219071012
0.9369379257156752
1.0367432566683554
0.9840280187951236
0.9858329073207188
0.9638889850266388
0.9768177544255352
0.9852780644843524
0.9667173299186728
0.9655406072646648
1.0071273928963012
0.9163667022652556
0.9366636567432142
0.9184447316243904
0.9804801338939269
0.9357316180676242
0.9699512330234852
0.9538804133899744
0.986351665646153
0.9273808886894476
0.9880332962225812
0.9791297075936998
0.9415766018378604
0.9817742474010184
0.9632052623809494
0.9544333413289712
0.9662781347420708
0.9743977333842913
0.9958558429703944
1.0095646392659472
0.9307802366498398
0.9621970305049216
1.023579570606074
0.9059109963820384
0.9671382869243528
0.9551461176771328
0.977054119037736
0.9822402140880178
0.9572343931737024
0.99768842562765
0.9845485310568964
1.015307111718878
0.9722431189089876
0.965774615079616
0.9499500577510273
0.96078944323309
1.005035807730547
0.9321590664105992
0.9800787165833076
0.9621983530585256
0.968430879913106
0.9609319023661456
0.9829170097029536
1.0003738030677525
0.9825538589879732
0.9587150450636566
1.014485421623062
0.9853163430050272
0.9619756705590888
0.9432403974345244
0.9827838252580754
0.9846541909502322
0.9437139338328084
1.0042626977464968
0.969395689571382
0.9694794076215884
0.9583520767130532
0.9707406219411436
0.9516575725600062
0.9702788632708644
1.0152269412915669
0.9846204335597524
0.9560526367935772
0.9606656051983072
1.0089387889592578
0.9074297428046896
1.0170394068102058
0.9653658827004514
0.998958583924805
0.9969303920887116
0.9870300981003904
0.9838448814753312
0.9855400173091232
0.982181998672214
1.0241045428427633
0.976111568947323
1.0004021102942904
1.0211998256862207
0.9671591781668744
1.0044930326094563
0.9780708032814334
0.9499535203678988
0.97277716240537
0.9548382791871064
0.9529300896275292
0.9299212928843484
0.9326524494006116
0.998206916760354
0.9378596469744378
0.95341373032121
0.9680366828478728
1.0023280987658658
0.9510090594154792
0.9828984759618772
0.9846856830720296
0.9515398149456302
0.9794646671728608
0.9361404434687411
0.97600044116854
0.9559069649215924
0.9709010078294424
1.0433874118690043
0.9534081035803198
0.9773044157701888
0.9587195771341814
0.9438786304304916
0.9401959824492304
0.9739357949488564
1.0008646774558638
0.9204663456049956
