BTC · Trendline + ML filter · WF-MCPT 2020-22|1.0907201159400897
0.9096126955770628
1.0345636161955591
1.049312917559666
0.9669420023731404
0.9356918251750496
0.950812702076486
1.0013904635985835
0.9512685327828206
1.0018424131179446
0.9651121676112578
0.9809744987233172
0.9878623118274962
1.0282143202176826
1.0679314569454763
0.9525286774514562
0.9073385317536352
1.0143118130836422
0.9419384735456036
0.9513818353176906
0.9876224788290175
0.9083971121031476
0.9757480179230767
0.948979980858472
0.9882319668883
0.8845681379364077
0.9635224618912284
1.0039996107271203
1.028043939939885
1.0127621067067123
0.8856228178425963
0.9715718363656576
0.9043030658783864
0.9623217960454892
0.9557528489669588
0.9429364136027998
0.9124799038901232
0.9906545124307776
1.0022582218629543
0.9570610019078224
0.991943405748262
1.0470990644066571
0.9984606826253754
1.1261676400042109
0.9299435933498889
1.0556311317903004
0.9326997720732604
0.9649253199432232
0.9511680141501389
1.0049872023684865
0.9590587633003412
0.9293459797353454
0.926647603209112
1.0348734502941992
0.9396361075298546
0.9882958497111828
1.0530201972352264
1.0051834258519727
1.0139531093448777
0.970173129666852
0.9344300390702056
0.9243057041394102
1.021500503904085
0.9854262561637972
0.8947298027611316
0.964028783125214
1.0400958304413448
1.0084653845483562
1.045640789134039
0.787025106788844
1.0006202168799403
0.9848289017696032
0.9170998453569342
0.9700387089143476
1.0086267700124585
0.9480227036422606
0.9153049257822564
0.960096784913248
0.9459285140611444
1.0993701956715602
0.99741444589636
0.956840816019894
0.9353068372198922
0.9851641233564516
1.0480145589351593
0.9776044627283864
0.9303820686895772
0.9940316577799946
0.9142299956725458
0.9959085659063428
0.9947013801678056
1.0386873705381057
0.9977189113192544
0.975334156192744
0.9184335776811456
1.0053227939069018
0.9829511029999812
1.0010739713206107
0.9878666511644096
0.9611082414132576
0.77369385474841
0.986697299564368
0.9278251125804609
0.9980949505697272
0.932028348335844
0.9298813379288532
0.8917513002003976
0.992150598788948
0.9485208483245198
1.0218093751210575
0.9700916264995016
1.0808635690318846
1.0475172502661432
0.9463216802858884
0.9444839020727565
0.9742642585639966
1.0477563206000875
1.0490323900722776
1.0121138870395998
1.0157788762764577
0.946346641733928
1.0370882938876018
0.9269273198134343
1.0261174430840736
0.996401368633278
0.978788442501228
0.9778832498703132
1.0350732583250812
0.9628801370900358
1.0158808238002917
1.0007059760888877
0.9443417438833228
0.9284398948802756
0.9780633002012205
1.009998632590222
0.9415398110633338
1.0288245454831315
0.9741634691856256
0.8386898820635641
0.9227791539163182
0.9094696804813236
0.9534391807006878
0.958332783162058
0.9497983109517032
1.04805594230758
1.012457820808638
0.995247107375429
0.9376054438005584
1.0760627816877946
0.9114929417333592
0.9940078663945884
1.0674100301249985
0.9537716827775355
1.0046205481990127
0.9710846919853902
0.9273122269852264
0.8903223966292533
0.9068194618182116
0.9568265367651956
0.9447494285314184
0.909295406275846
0.961609542708346
0.949073541762791
1.0023919764470046
1.0403273142042293
0.988832552135303
0.9838318747614224
0.9609065241760736
0.913721052971703
1.031241642075423
0.956382918190902
0.9476560642580412
1.0691219068897844
0.9612487117898568
1.084606122289023
0.9929499245395944
0.873183013591862
0.95096581696069
0.9547663753500464
0.9450393694607266
0.915349013367042
1.0178927313026072
0.9529913546593765
0.9599736584856478
0.9641240269294676
0.9586313246457384
0.9238364227357544
0.9893281534064732
0.9758402224948354
1.078388951130169
1.0279966352507526
0.9969424372525714
0.9805666811427242
0.9252502618430216
0.9998432592881078
0.973814249819134
0.9870888440106794
0.9151339557862684
0.9318079691181066
1.006792353413501
