BTC · Trendline + ML filter · label-shuffle 2020-22|1.0907201159400897
0.9575594025134954
1.004092038010199
1.036763412636767
0.9849262571940298
1.0084518489000662
0.9826051503565724
0.9712016438176524
0.983226405449638
0.9949466681344956
1.03431808864882
0.9525712774439696
0.9900353106503932
0.984425058391176
0.9760484956937012
0.9664077605023056
1.0021927258763867
1.0573377422140884
1.0254521417623088
0.9637491951929325
0.9496395645198478
0.9694638604399166
1.0312540350877597
0.9692652857527388
0.9695372840535678
1.0150023442352158
0.9902512339835609
1.0059453142245909
0.9537473881047568
0.9949058232212452
0.992956422522048
0.996926575862532
0.9945696352182622
0.9837259757749068
1.0109459944882022
1.0062701204347522
1.010656768950716
1.018406689330473
1.0387471786653015
0.9921239096638448
0.989806730792898
0.971030421761474
0.9764246984743448
0.966822541742598
1.0042256494683033
1.0168832516018418
1.0051869868790988
1.0125025764475737
0.9743497205029252
0.978524494016066
1.0108193231211688
1.0234731009691425
1.0300563941756966
1.0014966829743597
0.974996998931553
0.9786935215748692
0.991800939569612
1.0085615161430337
0.9902612319658112
0.9834377921298254
0.9927832549361882
1.0304155034595526
0.981861556986099
0.9969216434953544
0.9544100903739324
0.9862176537763524
0.9914968190144312
0.9624015463516596
0.9659844737585858
1.0153684357533368
0.965968180577494
0.9820250582380828
0.9579739777454592
0.9793998817393836
1.011283026172532
1.0058176928737017
0.99975452132804
1.0028602666484805
0.9841496109302008
0.9860188077526608
1.0019663983065816
0.9349090064194228
0.9506798278081432
0.9935022288312793
1.0394703067071271
0.9769503247959328
0.9448339685451
0.9506585624372084
0.9765781787464084
0.9882939251308808
1.032075529911696
1.0182113969099054
1.0300101163886222
0.9712669507980102
1.026767063649864
1.0065224670768178
0.995513744596682
0.998516047397746
0.9703414577127124
0.963244277413857
0.985324426805024
1.0298403719776748
0.9843809505266378
1.004851740968774
0.9474448640633528
1.008815890086143
0.9802808969578136
0.9848055731204124
0.9518667439068266
1.0160196418208456
0.9936436984559353
1.012438058765618
1.0527802126400343
0.9785428269259242
1.0035682159702566
0.9762853600827672
0.9714816362230532
0.9863878737510824
1.0310045131322296
1.0075115034110096
1.0180830538117565
0.9979187970539722
0.938307462030844
1.0371519441737662
1.006420113420746
1.0323163712631758
0.9893910083399072
0.9973320812342524
0.9696102047961228
0.9578877605588736
1.0329156954495258
0.9644598201408324
1.0391222644646307
0.9631027434595772
1.0090743039810472
0.98883101407797
0.9805086707239312
0.983547858876368
0.967186526384218
1.0080249041022555
1.0257052163052236
0.9693182063960468
0.9753527961873344
1.0067361599508955
0.9293547757949514
0.969194527185592
1.0049240451463828
1.0496246817134545
0.970531118202148
0.9952939851732664
0.9937558378270956
0.9551027247479632
1.0202224634236283
0.9640854164116932
1.0172002671833773
0.9578200146517056
0.970198029547317
1.0735637871206682
0.9733741060886726
0.99289817167603
1.0352698472401456
1.017884750283176
0.9533490062530792
1.0188959301022158
0.9569716425331342
0.9899906262878544
1.0008982447378574
0.9692709354854446
1.0186586783381564
0.966031768121596
1.0440356095475625
1.0051985511736028
0.9797344166986895
0.9909863322156712
0.9850495045649288
0.9715919637696256
0.9489428818273398
0.993963359706087
1.0258159688827777
0.9696290347647532
1.0099418297551814
0.9921648311494105
1.0340520053274975
1.0160723609792173
0.9827679151570436
0.998074794857118
1.004747351138075
0.9919097302387186
1.0165864704653156
0.9864052868392952
1.0038441987058506
0.9931177638948098
0.9878744229106096
0.9601179523884548
0.987350254371318
0.9738830020565484
0.9672552754405104
0.9779491922283052
0.9980524939584418
1.0047335488178997
