BTC · Trendline + ML filter · label-shuffle post-pub 2023+|1.0277214761781353
1.016761302613966
1.0220453418129634
1.060460418181052
0.9821611907633724
0.9679828304678294
1.0323656910194683
0.9437232228515372
1.050249355509558
1.05120244633798
1.1270033344244423
0.9396163332727108
1.005869005184308
0.9545373238461486
0.9529481546103392
0.9985949544552832
1.023416498424062
0.94143796181466
1.0358408660900804
0.9447213620283276
1.0327436622120687
1.0039947990936544
1.014435718222771
1.0438127299249966
0.9664425409526586
0.9829244236985883
1.0359140537113734
0.9174267168825456
0.9836940564461392
0.9822030020169296
1.0291083674124937
0.9787249341466668
0.9925035410292468
1.031049177150407
1.040214781847371
0.9433223718338484
1.079016990753962
0.9908755095130636
1.0350567659799998
0.9607397134632852
0.929828744576014
0.9924513263257582
0.9976974127868916
1.019462214390909
0.9583784519854688
0.969968460283473
0.9599442849612942
0.9536750974440208
0.994633994026962
1.0091712504916368
1.0154425463014023
0.9923321972918558
0.9475143537245077
0.9615805480061864
1.0274593330671924
0.9967861905259698
0.9688398504534254
1.014845928415212
0.9326176902335518
0.9496280766358376
0.9961743908199524
0.9821613089817364
1.0672851871828055
0.91091985957733
0.9747693452979184
0.946791000358715
1.009997048585715
0.995141202770154
1.0169814750039423
0.9820183973959472
0.9143038822320644
0.9941773206870652
1.003592497703499
1.081456482407012
0.983039232455368
1.0115535709747423
0.9155980946045508
1.0359940131386327
0.9420314563102878
0.9447258600575528
0.9969806239247684
0.9679120405737014
0.9551381744151028
0.954690332201082
1.0008282239064037
0.9539881863432704
1.018047929234441
1.0512425129573486
0.9584412496439718
0.9854166939374362
0.9846076421312528
0.9503450641941208
0.9794426717574752
0.9195090576189424
0.9556070434163216
1.0442214491470458
0.9855955758464848
0.9914589480924324
1.0780492644944943
1.023668999928002
0.9867764535192451
0.9658884626555196
1.0102074506722816
0.9832600509818428
1.0597603095423882
1.079874807942857
0.9970157691355828
0.979716651994732
0.9990404095041812
0.9925620727218722
1.03024336889943
0.9627966766075426
1.0249164334173848
0.927660585806648
0.9680201102928884
0.97210723393509
0.9864941224744412
1.0124614377151546
0.9911267518887804
1.0829567180086177
0.9664388475522596
1.0143294924514057
1.0846228899128862
1.0110768642520764
0.9541298842031792
1.022310262584664
1.0563824752999846
0.983588039278546
0.9839566497513648
0.9847387540542628
1.0566577319256585
0.9843446974444016
1.0046818638686743
0.9534951096293912
0.9845142017038988
1.0118000583603242
0.998430597193728
0.9911627226991782
1.0397215735770788
0.9787678375433388
1.0126058650949727
1.0021661521608043
1.020025945023954
0.9880926694036332
0.9578831734637728
0.9616064543064736
0.9880567910681528
0.9641946971254952
0.9557622496578452
1.0225234360390965
0.9680347953150116
0.9847369872494616
0.9435303206520742
1.01152634507778
1.0143583190568162
0.986561331260371
1.0067148147683498
1.0605199119266684
0.9834560668172496
0.9552434072772408
0.9957684294761776
1.0391854875033515
0.9977049406227882
0.9729360277569276
1.0126383836548716
0.9672104256384538
0.989592602018733
1.0175054243762534
1.047197144701647
0.9646883270348756
1.0197124106151805
1.0341477404323922
0.9554542489327588
0.9865577825519528
0.9366896571517904
1.0008237211976942
0.9810107680733816
0.9420343504936556
1.01139177418079
1.0114966972849402
1.0050982179106651
1.0177205841681616
0.9515722679364604
0.958377305282156
0.9476538228626868
0.961768724322432
0.944297841723246
0.9963903017683164
1.0685423478873142
1.0397962681561073
1.0121698180773582
0.9979278844510372
1.0103472448168038
1.037740603713989
1.0539955451650376
0.9697786656405928
1.031237855500056
1.0212179235543304
0.9879063839998552
1.031418882191896
