strategy,key,run,window,months,gross_pct,cost_pct,net_pct,net_t,net_sharpe,breakeven_oneway_pct
Size (SMB),size,1x,IS,480,0.15741666666666662,0.039999999999999966,0.11741666666666674,0.9131048165311153,0.14437454813542464,6.399051490514902
Size (SMB),size,1x,OOS,63,1.2231746031746031,0.039999999999999945,1.183174603174603,3.503996486601871,1.52926944140118,49.72254484449607
Size (SMB),size,1x,POST,544,0.014889705882352935,0.03999999999999997,-0.025110294117647043,-0.19847068365074277,-0.02947728896545256,0.6052725968436151
Size (SMB),size,0.5x,IS,480,0.15741666666666662,0.019999999999999976,0.13741666666666671,1.0686372196308083,0.16896638032314773,6.399051490514902
Size (SMB),size,0.5x,OOS,63,1.2231746031746031,0.01999999999999998,1.2031746031746033,3.563226907491573,1.555119716369861,49.72254484449607
Size (SMB),size,0.5x,POST,544,0.014889705882352935,0.01999999999999996,-0.005110294117647017,-0.0403915446961245,-0.005999038310685029,0.6052725968436151
Size (SMB),size,2x,IS,480,0.15741666666666662,0.08,0.0774166666666667,0.602040010331729,0.09519088375997833,6.399051490514902
Size (SMB),size,2x,OOS,63,1.2231746031746031,0.08,1.1431746031746033,3.3855356448224687,1.477568891463818,49.72254484449607
Size (SMB),size,2x,POST,544,0.014889705882352935,0.08,-0.06511029411764704,-0.514628961559979,-0.07643379027498756,0.6052725968436151
Size (SMB),size,era,IS,480,0.15741666666666662,0.060000000000000046,0.09741666666666658,0.7575724134314211,0.11978271594770132,6.399051490514902
Size (SMB),size,era,OOS,63,1.2231746031746031,0.060000000000000116,1.1631746031746029,3.444766065712169,1.5034191664324987,49.72254484449607
Size (SMB),size,era,POST,544,0.014889705882352935,0.0291911764705882,-0.014301470588235275,-0.11302271791550278,-0.016786374966687122,0.6052725968436151
Value (HML),value,1x,IS,330,0.4249090909090908,0.05000000000000003,0.37490909090909086,2.661643777855946,0.5075555536167901,7.300843486410492
Value (HML),value,1x,OOS,18,0.6822222222222222,0.050000000000000044,0.6322222222222221,0.9637266931019348,0.7868795498665138,11.722031309660174
Value (HML),value,1x,POST,409,0.18058679706601471,0.05000000000000003,0.13058679706601464,0.807497965156934,0.13831535815021648,3.1028659289693237
Value (HML),value,0.5x,IS,330,0.4249090909090908,0.025000000000000022,0.3999090909090909,2.839129723275535,0.5414007954316827,7.300843486410492
Value (HML),value,0.5x,OOS,18,0.6822222222222222,0.025000000000000022,0.6572222222222222,1.0018353936200255,0.8179951735431334,11.722031309660174
Value (HML),value,0.5x,POST,409,0.18058679706601471,0.025000000000000022,0.1555867970660147,0.9620882421412004,0.1647949413197721,3.1028659289693237
Value (HML),value,2x,IS,330,0.4249090909090908,0.10000000000000005,0.32490909090909087,2.3066718870167677,0.43986506998700475,7.300843486410492
Value (HML),value,2x,OOS,18,0.6822222222222222,0.10000000000000005,0.5822222222222221,0.8875092920657536,0.7246483025132744,11.722031309660174
Value (HML),value,2x,POST,409,0.18058679706601471,0.10000000000000006,0.0805867970660146,0.49831741118840156,0.08535619181110526,3.1028659289693237
Value (HML),value,era,IS,330,0.4249090909090908,0.06712121212121216,0.35778787878787877,2.5403885403742024,0.4844330870790036,7.300843486410492
Value (HML),value,era,OOS,18,0.6822222222222222,0.050000000000000044,0.6322222222222221,0.9637266931019348,0.7868795498665138,11.722031309660174
Value (HML),value,era,POST,409,0.18058679706601471,0.03123471882640589,0.1493520782396088,0.9236468843251332,0.15821036723595183,3.1028659289693237
Momentum (UMD),momentum,1x,IS,300,0.8211999999999999,0.6499999999999999,0.17119999999999996,0.8368019210754012,0.1673603842150802,1.1894553881807644
Momentum (UMD),momentum,1x,OOS,39,1.167179487179487,0.6500000000000001,0.5171794871794871,0.9920498560402037,0.5502902498107113,1.6905844252310063
Momentum (UMD),momentum,1x,POST,400,0.3890249999999999,0.6500000000000001,-0.26097500000000007,-1.0910847773258878,-0.18898142696934128,0.5634776940903821
Momentum (UMD),momentum,0.5x,IS,300,0.8211999999999999,0.325,0.4961999999999999,2.425356969845877,0.48507139396917526,1.1894553881807644
Momentum (UMD),momentum,0.5x,OOS,39,1.167179487179487,0.32500000000000007,0.8421794871794871,1.6154624452969997,0.8960973354007341,1.6905844252310063
Momentum (UMD),momentum,0.5x,POST,400,0.3890249999999999,0.32500000000000007,0.06402499999999986,0.26767584200896566,0.046362815831830814,0.5634776940903821
Momentum (UMD),momentum,2x,IS,300,0.8211999999999999,1.2999999999999998,-0.47880000000000017,-2.340308176465551,-0.46806163529311007,1.1894553881807644
Momentum (UMD),momentum,2x,OOS,39,1.167179487179487,1.3000000000000003,-0.13282051282051294,-0.25477532247338913,-0.14132392136933497,1.6905844252310063
Momentum (UMD),momentum,2x,POST,400,0.3890249999999999,1.3000000000000003,-0.9109750000000002,-3.808606015995597,-0.6596699125716858,0.5634776940903821
Momentum (UMD),momentum,era,IS,300,0.8211999999999999,0.8753333333333335,-0.054133333333333464,-0.2647325174176443,-0.052946503483528855,1.1894553881807644
Momentum (UMD),momentum,era,OOS,39,1.167179487179487,0.6500000000000001,0.5171794871794871,0.9920498560402037,0.5502902498107113,1.6905844252310063
Momentum (UMD),momentum,era,POST,400,0.3890249999999999,0.40056250000000004,-0.01153750000000011,-0.04834209702756474,-0.008373096819616654,0.5634776940903821
Short-term reversal,reversal,1x,IS,648,0.9630864197530864,1.6500000000000004,-0.6869135802469137,-5.9967333861648395,-0.8160520510897894,0.5299253987856756
Short-term reversal,reversal,1x,OOS,31,0.35838709677419367,1.6500000000000001,-1.2916129032258066,-3.103135315367762,-1.9306808545490601,0.19719769823604802
Short-term reversal,reversal,1x,POST,432,0.13865740740740742,1.6500000000000004,-1.5113425925925927,-8.834974544195692,-1.4724957573659485,0.07629438065775694
Short-term reversal,reversal,0.5x,IS,648,0.9630864197530864,0.8250000000000002,0.13808641975308636,1.2054899878550267,0.16404640890437255,0.5299253987856756
Short-term reversal,reversal,0.5x,OOS,31,0.35838709677419367,0.8250000000000001,-0.4666129032258065,-1.121050258161705,-0.6974849790472565,0.19719769823604802
Short-term reversal,reversal,0.5x,POST,432,0.13865740740740742,0.8250000000000004,-0.6863425925925927,-4.012207003145997,-0.6687011671909995,0.07629438065775694
Short-term reversal,reversal,2x,IS,648,0.9630864197530864,3.3000000000000007,-2.3369135802469136,-20.40118013420457,-2.776248971078113,0.5299253987856756
Short-term reversal,reversal,2x,OOS,31,0.35838709677419367,3.3000000000000003,-2.941612903225807,-7.067305429779875,-4.397072605552667,0.19719769823604802
Short-term reversal,reversal,2x,POST,432,0.13865740740740742,3.3000000000000016,-3.1613425925925926,-18.480509626295074,-3.0800849377158457,0.07629438065775694
Short-term reversal,reversal,era,IS,648,0.9630864197530864,2.388425925925926,-1.4253395061728396,-12.418985823546041,-1.6900099105858737,0.5299253987856756
Short-term reversal,reversal,era,OOS,31,0.35838709677419367,1.6500000000000001,-1.2916129032258066,-3.103135315367762,-1.9306808545490601,0.19719769823604802
Short-term reversal,reversal,era,POST,432,0.13865740740740742,1.063715277777778,-0.9250578703703706,-5.362552583828843,-0.8937587639714738,0.07629438065775694
Profitability (RMW),profitability,1x,IS,570,0.27592982456140347,0.030000000000000034,0.24592982456140347,2.5707076917514713,0.3729974752681642,7.039026136770496
Profitability (RMW),profitability,1x,OOS,28,0.22142857142857147,0.030000000000000072,0.1914285714285714,0.6093820765715232,0.3989342132911972,5.648688046647233
Profitability (RMW),profitability,1x,POST,159,0.19578616352201256,0.030000000000000047,0.16578616352201256,0.8781108902891894,0.2412356141992169,4.994544987806441
Profitability (RMW),profitability,0.5x,IS,570,0.27592982456140347,0.015000000000000017,0.26092982456140346,2.7275028891011295,0.395747713629862,7.039026136770496
Profitability (RMW),profitability,0.5x,OOS,28,0.22142857142857147,0.015000000000000048,0.20642857142857143,0.6571321646610829,0.43019398373565676,5.648688046647233
Profitability (RMW),profitability,0.5x,POST,159,0.19578616352201256,0.015000000000000005,0.18078616352201254,0.9575606047557949,0.2630621293686074,4.994544987806441
Profitability (RMW),profitability,2x,IS,570,0.27592982456140347,0.06000000000000002,0.21592982456140347,2.2571172970521554,0.32749699854476855,7.039026136770496
Profitability (RMW),profitability,2x,OOS,28,0.22142857142857147,0.06,0.1614285714285715,0.5138819003924042,0.3364146724022785,5.648688046647233
Profitability (RMW),profitability,2x,POST,159,0.19578616352201256,0.06000000000000004,0.13578616352201253,0.7192114613559787,0.19758258386043598,4.994544987806441
Profitability (RMW),profitability,era,IS,570,0.27592982456140347,0.03278947368421053,0.24314035087719293,2.54045962391561,0.3686086243028374,7.039026136770496
Profitability (RMW),profitability,era,OOS,28,0.22142857142857147,0.015000000000000048,0.20642857142857143,0.6571321646610829,0.43019398373565676,5.648688046647233
Profitability (RMW),profitability,era,POST,159,0.19578616352201256,0.015000000000000005,0.18078616352201254,0.9575606047557949,0.2630621293686074,4.994544987806441
Small-firm January,january,1x,IS,204,0.3413725490196078,0.5420054200542006,-0.20063287103459274,-2.3246178989045947,-0.5638026550814729,1.0241176470588234
Small-firm January,january,1x,OOS,42,0.14523809523809525,0.6194347657762292,-0.474196670538134,-1.9577650845738201,-1.0464694557519634,0.38125000000000003
Small-firm January,january,1x,POST,517,0.033829787234042556,0.5409570536711171,-0.5071272664370744,-6.004593116996431,-0.9148058550499114,0.10168604651162792
Small-firm January,january,0.5x,IS,204,0.3413725490196078,0.2710027100271003,0.07036983899250755,0.945763187521652,0.22938126582191845,1.0241176470588234
Small-firm January,january,0.5x,OOS,42,0.14523809523809525,0.3097173828881147,-0.1644792876500194,-1.451908699873566,-0.7760778445433253,0.38125000000000003
Small-firm January,january,0.5x,POST,517,0.033829787234042556,0.27047852683555856,-0.236648739601516,-4.4443764939770105,-0.677105269169362,0.10168604651162792
Small-firm January,january,2x,IS,204,0.3413725490196078,1.0840108401084012,-0.7426382910887934,-3.9609379807226053,-0.9606685688847075,1.0241176470588234
Small-firm January,january,2x,OOS,42,0.14523809523809525,1.2388695315524585,-1.0936314363143633,-2.0532699349984562,-1.0975189456182604,0.38125000000000003
Small-firm January,january,2x,POST,517,0.033829787234042556,1.0819141073422343,-1.0480843201081917,-6.614715112749474,-1.0077585602764747,0.10168604651162792
Small-firm January,january,era,IS,204,0.3413725490196078,0.8130081300813009,-0.47163558106169295,-3.5835806602968767,-0.8691459753132177,1.0241176470588234
Small-firm January,january,era,OOS,42,0.14523809523809525,0.8517228029423152,-0.7064847077042199,-1.9466577032617143,-1.0405323107042268,0.38125000000000003
Small-firm January,january,era,POST,517,0.033829787234042556,0.3774118979100816,-0.3435821106760391,-5.11390295232818,-0.7791083045585199,0.10168604651162792
Weekend / Monday,monday,1x,IS,300,0.9343288008104726,7.733333333333333,-6.7990045325228605,-50.78184380592621,-10.15636876118524,0.11450107853069517
Weekend / Monday,monday,1x,OOS,27,0.6170797500286663,4.0,-3.382920249971334,-8.682875129604989,-5.788583419736659,0.07713496875358329
Weekend / Monday,monday,1x,POST,556,0.22528363200638074,0.4317985611510792,-0.20651492914469843,-1.733442743815548,-0.25466116913778014,0.028377367330210172
Weekend / Monday,monday,0.5x,IS,300,0.9343288008104726,3.8666666666666667,-2.9323378658561943,-27.77368962193652,-5.554737924387303,0.11450107853069517
Weekend / Monday,monday,0.5x,OOS,27,0.6170797500286663,2.0,-1.3829202499713336,-3.7771276534294116,-2.5180851022862742,0.07713496875358329
Weekend / Monday,monday,0.5x,POST,556,0.22528363200638074,0.2158992805755396,0.009384351430841138,0.08039839574182873,0.011811379135228398,0.028377367330210172
Weekend / Monday,monday,2x,IS,300,0.9343288008104726,15.466666666666667,-14.532337865856192,-66.52886458821662,-13.30577291764332,0.11450107853069517
Weekend / Monday,monday,2x,OOS,27,0.6170797500286663,8.0,-7.382920249971334,-15.841722213289652,-10.5611481421931,0.07713496875358329
Weekend / Monday,monday,2x,POST,556,0.22528363200638074,0.8635971223021583,-0.6383134902957777,-4.877507557096591,-0.7165577181017905,0.028377367330210172
Weekend / Monday,monday,era,IS,300,0.9343288008104726,7.733333333333333,-6.7990045325228605,-50.78184380592621,-10.15636876118524,0.11450107853069517
Weekend / Monday,monday,era,OOS,27,0.6170797500286663,4.0,-3.382920249971334,-8.682875129604989,-5.788583419736659,0.07713496875358329
Weekend / Monday,monday,era,POST,556,0.22528363200638074,0.4317985611510792,-0.20651492914469843,-1.733442743815548,-0.25466116913778014,0.028377367330210172
Turn-of-the-month,tom,1x,IS,725,0.5982816483091785,1.7373793103448276,-1.139097662035649,-13.616569680399856,-1.7518194043018742,0.29914082415458926
Turn-of-the-month,tom,1x,OOS,24,1.3427920751633986,0.10000000000000006,1.2427920751633987,1.9622741430471027,1.3875373530956279,0.6713960375816993
Turn-of-the-month,tom,1x,POST,451,0.2111188504944691,0.05915742793791574,0.15196142255655345,1.3561292721620648,0.2212093310551086,0.10555942524723455
Turn-of-the-month,tom,0.5x,IS,725,0.5982816483091785,0.8686896551724138,-0.2704080068632353,-3.2952936320877253,-0.4239510730718898,0.29914082415458926
Turn-of-the-month,tom,0.5x,OOS,24,1.3427920751633986,0.050000000000000044,1.2927920751633986,2.041220339368362,1.4433607438632747,0.6713960375816993
Turn-of-the-month,tom,0.5x,POST,451,0.2111188504944691,0.02957871396895787,0.18154013652551132,1.619354895559164,0.26414621418528683,0.10555942524723455
Turn-of-the-month,tom,2x,IS,725,0.5982816483091785,3.4747586206896552,-2.876476972380477,-31.761191093987776,-4.086188531189139,0.29914082415458926
Turn-of-the-month,tom,2x,OOS,24,1.3427920751633986,0.20000000000000004,1.1427920751633986,1.8043817504045836,1.2758905715603335,0.6713960375816993
Turn-of-the-month,tom,2x,POST,451,0.2111188504944691,0.1183148558758315,0.09280399461863766,0.8288701320879212,0.13520378271785935,0.10555942524723455
Turn-of-the-month,tom,era,IS,725,0.5982816483091785,1.7373793103448276,-1.139097662035649,-13.616569680399856,-1.7518194043018742,0.29914082415458926
Turn-of-the-month,tom,era,OOS,24,1.3427920751633986,0.10000000000000006,1.2427920751633987,1.9622741430471027,1.3875373530956279,0.6713960375816993
Turn-of-the-month,tom,era,POST,451,0.2111188504944691,0.05915742793791574,0.15196142255655345,1.3561292721620648,0.2212093310551086,0.10555942524723455
Halloween / Sell in May,halloween,1x,IS,344,0.5157848837209302,0.10843023255813952,0.4073546511627907,1.634021542738007,0.3051892132568285,1.55640350877193
Halloween / Sell in May,halloween,1x,OOS,52,0.7851923076923077,0.01269230769230769,0.7725000000000001,1.0168066227060217,0.4884581018121032,2.2683333333333335
Halloween / Sell in May,halloween,1x,POST,283,0.15265017667844524,0.006643109540636027,0.14600706713780923,0.557468092109229,0.11479353235002053,0.45957446808510644
Halloween / Sell in May,halloween,0.5x,IS,344,0.5157848837209302,0.054215116279069775,0.4615697674418605,1.8540247880296765,0.3462796246060007,1.55640350877193
Halloween / Sell in May,halloween,0.5x,OOS,52,0.7851923076923077,0.006346153846153859,0.778846153846154,1.0249670981609935,0.49237826741843227,2.2683333333333335
Halloween / Sell in May,halloween,0.5x,POST,283,0.15265017667844524,0.003321554770318022,0.14932862190812718,0.5701098492066887,0.11739671623241572,0.45957446808510644
Halloween / Sell in May,halloween,2x,IS,344,0.5157848837209302,0.21686046511627904,0.2989244186046511,1.1897479442646604,0.2222114149582412,1.55640350877193
Halloween / Sell in May,halloween,2x,OOS,52,0.7851923076923077,0.02538461538461539,0.7598076923076924,1.0004530123482447,0.4806020815081874,2.2683333333333335
Halloween / Sell in May,halloween,2x,POST,283,0.15265017667844524,0.013286219081272083,0.13936395759717313,0.532174658358399,0.10958512195556502,0.45957446808510644
Halloween / Sell in May,halloween,era,IS,344,0.5157848837209302,0.10843023255813952,0.4073546511627907,1.634021542738007,0.3051892132568285,1.55640350877193
Halloween / Sell in May,halloween,era,OOS,52,0.7851923076923077,0.01269230769230769,0.7725000000000001,1.0168066227060217,0.4884581018121032,2.2683333333333335
Halloween / Sell in May,halloween,era,POST,283,0.15265017667844524,0.006643109540636027,0.14600706713780923,0.557468092109229,0.11479353235002053,0.45957446808510644
